set,frame,strategy,decode_path,width,height,megapixels,decode_ms,demosaic_ms,resize_ms,readback_ms,curve_ms,encode_ms,write_ms,total_ms,fps_single,in_bytes,out_bytes,ratio,peak_mb,whole_rel,block_rel,block_abs,green_ratio,blue_ratio,psnr_db,ssim,stops_rms,wb_warm_psnr,wb_cool_psnr,wb_tintp_psnr,wb_tintm_psnr,wb_warm_stops,wb_cool_stops,wb_balanced,apple_direct,apple_direct_whole,apple_direct_green,apple_direct_blue,repack_applies,imageio_type,imageio_decodes,quicklook,adobe,adobe_gap,thermal,error,notes
1,"_WEX3879.ARW","apple_linear_lj92_keep_t512","apple-ciraw",4608,3072,14.16,324,0,0,0,37,89,19,470,2.127,18657280,27153165,0.69,1082,0.3320,0.8747,0.01931,0.6680,0.7656,36.43,0.8766,1.6478,,,,,,,,yes,0.3333,0.6667,0.7649,no,"com.adobe.raw-image",yes,"thumbnail drawn","",,"nominal","","CIRAWFilter native 4608x3072, neutral 6706 K / 24.1, scale 1.000 (setup 155 + render 162 ms)"
1,"_WEX3879.ARW","apple_linear_lj92_10mp_t512","apple-ciraw",3873,2582,10.00,193,0,0,0,26,72,17,308,3.247,18657280,20244165,0.92,2147,0.3345,0.8747,0.01931,0.6655,0.7649,36.57,0.8761,1.6550,,,,,,,,yes,0.3344,0.6656,0.7640,no,"com.adobe.raw-image",yes,"thumbnail drawn","",,"nominal","","CIRAWFilter native 4608x3072, neutral 6706 K / 24.1, scale 0.840 (setup 39 + render 148 ms)"
1,"_WEX3879.ARW","apple_linear_jxl-d0.5-e7-xyb_lut2.2_keep_t512","apple-ciraw",4608,3072,14.16,205,0,0,0,152,425,7,789,1.267,18657280,1111485,16.79,2203,0.3180,0.8747,0.01931,0.6820,0.7660,56.20,0.9700,0.1457,55.36,51.17,54.45,55.79,0.143,0.208,yes,yes,0.3194,0.6806,0.7649,no,"com.adobe.raw-image",yes,"thumbnail drawn","",,"nominal","","CIRAWFilter native 4608x3072, neutral 6706 K / 24.1, scale 1.000 (setup 41 + render 157 ms)"
1,"_WEX3879.ARW","apple_linear_jxl-d0.5-e7-xyb_lut2.2_10mp_t512","apple-ciraw",3873,2582,10.00,189,0,0,0,98,405,6,699,1.431,18657280,781544,23.87,2145,0.3206,0.8743,0.01931,0.6794,0.7653,56.55,0.9719,0.1425,55.71,51.49,54.80,56.13,0.142,0.207,yes,yes,0.3209,0.6791,0.7641,no,"com.adobe.raw-image",yes,"thumbnail drawn","",,"nominal","","CIRAWFilter native 4608x3072, neutral 6706 K / 24.1, scale 0.840 (setup 41 + render 142 ms)"
1,"_WEX3879.ARW","apple_linear_jxl-d1.0-e7-xyb_lut2.2_10mp_t512","apple-ciraw",3873,2582,10.00,194,0,0,0,102,388,5,689,1.452,18657280,497981,37.47,1863,0.3155,0.8746,0.01930,0.6845,0.7661,53.70,0.9583,0.1780,52.92,48.77,52.04,53.26,0.179,0.251,yes,yes,0.3158,0.6842,0.7649,no,"com.adobe.raw-image",yes,"thumbnail drawn","",,"nominal","","CIRAWFilter native 4608x3072, neutral 6706 K / 24.1, scale 0.840 (setup 41 + render 146 ms)"
1,"_WEX3879.ARW","apple_linear_jxl-d2.0-e7-xyb_lut2.2_10mp_t512","apple-ciraw",3873,2582,10.00,189,0,0,0,101,385,4,680,1.471,18657280,346741,53.81,1973,0.3086,0.8732,0.01928,0.6914,0.7672,50.80,0.9422,0.2215,50.01,46.08,49.24,50.32,0.224,0.301,yes,yes,0.3087,0.6913,0.7662,no,"com.adobe.raw-image",yes,"thumbnail drawn","",,"nominal","","CIRAWFilter native 4608x3072, neutral 6706 K / 24.1, scale 0.840 (setup 41 + render 143 ms)"
1,"_WEX3879.ARW","apple_linear_jxl-d1.0-e3-xyb_lut2.2_10mp_t512","apple-ciraw",3873,2582,10.00,195,0,0,0,103,126,8,431,2.322,18657280,392875,47.49,1928,0.3036,0.8753,0.01932,0.6964,0.7665,50.73,0.9322,0.2499,50.21,45.85,49.13,50.36,0.253,0.338,yes,yes,0.3025,0.6975,0.7661,no,"com.adobe.raw-image",yes,"thumbnail drawn","",,"nominal","","CIRAWFilter native 4608x3072, neutral 6706 K / 24.1, scale 0.840 (setup 41 + render 147 ms)"
1,"_WEX3879.ARW","apple_linear_jxl-d1.0-e5-xyb_lut2.2_10mp_t512","apple-ciraw",3873,2582,10.00,189,0,0,0,101,252,5,548,1.826,18657280,491267,37.98,2011,0.3145,0.8746,0.01930,0.6855,0.7661,53.32,0.9570,0.1862,52.59,48.42,51.68,52.89,0.186,0.262,yes,yes,0.3146,0.6854,0.7649,no,"com.adobe.raw-image",yes,"thumbnail drawn","",,"nominal","","CIRAWFilter native 4608x3072, neutral 6706 K / 24.1, scale 0.840 (setup 41 + render 142 ms)"
1,"_WEX3879.ARW","apple_linear_jxl-d0.5-e7-xyb_cubic0.10_10mp_t512","apple-ciraw",3873,2582,10.00,195,0,0,0,42,372,1,610,1.640,18657280,576776,32.35,2007,0.3378,0.8746,0.01931,0.6622,0.7658,61.63,0.9978,0.0662,60.78,56.35,59.99,61.10,0.064,0.100,yes,yes,0.3384,0.6616,0.7644,yes,"com.adobe.raw-image",yes,"thumbnail drawn","",,"nominal","","CIRAWFilter native 4608x3072, neutral 6706 K / 24.1, scale 0.840 (setup 41 + render 148 ms)"
1,"_WEX3879.ARW","apple_linear_jxl-d1.0-e7-rgb_linear_10mp_t512","apple-ciraw",3873,2582,10.00,201,0,0,0,27,295,2,525,1.905,18657280,376191,49.60,2444,0.3320,0.8740,0.01929,0.6680,0.7679,43.35,0.9427,0.2406,41.02,41.82,42.30,42.40,0.256,0.325,yes,yes,0.3341,0.6659,0.7658,yes,"com.adobe.raw-image",yes,"thumbnail drawn","",,"nominal","","CIRAWFilter native 4608x3072, neutral 6706 K / 24.1, scale 0.840 (setup 44 + render 151 ms)"
1,"_WEX3879.ARW","apple_linear_jpeg8-q0.90_cubic0.10_10mp_t512","apple-ciraw",3873,2582,10.00,220,0,0,0,38,8,2,268,3.726,18657280,925992,20.15,2779,0.3461,0.8632,0.01949,0.6539,0.7784,52.69,0.9677,0.1530,50.84,49.72,51.52,51.79,0.174,0.231,yes,yes,0.3463,0.6537,0.7759,yes,"com.adobe.raw-image",yes,"thumbnail drawn","",,"nominal","","CIRAWFilter native 4608x3072, neutral 6706 K / 24.1, scale 0.840 (setup 46 + render 168 ms) | ImageIO JPEG sampling 2x2,1x1,1x1"
1,"_WEX3879.ARW","apple_linear_hwjpeg-q0.90_cubic0.10_10mp_t512","apple-ciraw",3873,2582,10.00,206,0,0,0,39,57,0,303,3.298,18657280,926215,20.14,3602,0.3599,0.8318,0.02046,0.6401,0.7483,46.02,0.9602,0.2551,43.81,44.21,44.98,45.06,0.277,0.346,yes,yes,1.0000,0.0000,0.0000,yes,"com.adobe.raw-image",yes,"thumbnail drawn","",,"nominal","","CIRAWFilter native 4608x3072, neutral 6706 K / 24.1, scale 0.840 (setup 40 + render 160 ms) | VideoToolbox com.apple.videotoolbox.videoencoder.jpeg.ajpeg sampling 2x2,1x1,1x1"
1,"_WEX3879.ARW","libraw_cfa_lj92_keep_t512_be0.35","libraw-0.22.1-Release",4608,3072,14.16,166,0,0,0,0,34,14,214,4.674,18657280,15855302,1.18,3578,0.0402,0.1176,0.00699,1.0402,0.9907,47.66,0.9987,0.0878,,,,,,,,yes,0.0396,1.0396,0.9921,no,"com.adobe.raw-image",yes,"thumbnail drawn","",,"nominal","","LibRaw open 2 + unpack 158 + copy 2 ms; LibRaw visible area 4624×3080 at (0,0); camera crop 4608×3072 at +(44,30); black 512.0; maximum 16383 | BaselineExposure 0.35 written (source had none)"
1,"_WEX3879.ARW","libraw_cfa_jxl-lossless-e7_keep_t512_be0.35","libraw-0.22.1-Release",4608,3072,14.16,162,0,0,0,0,56,12,231,4.330,18657280,14627218,1.28,3510,0.0402,0.1176,0.00699,1.0402,0.9907,47.66,0.9987,0.0878,,,,,,,,yes,0.0396,1.0396,0.9921,no,"com.adobe.raw-image",yes,"thumbnail drawn","",,"nominal","","LibRaw open 0 + unpack 158 + copy 1 ms; LibRaw visible area 4624×3080 at (0,0); camera crop 4608×3072 at +(44,30); black 512.0; maximum 16383 | BaselineExposure 0.35 written (source had none)"
1,"_WEX3879.ARW","libraw_cfa_jxl-d0.5-e7-xyb_cubic0.10_keep_t512_be0.35","libraw-0.22.1-Release",4608,3072,14.16,165,0,0,0,30,332,2,529,1.890,18657280,1273493,14.65,3516,0.0234,0.1012,0.00645,1.0234,0.9994,59.01,0.9941,0.0663,58.59,58.94,58.45,59.50,0.066,0.063,yes,yes,0.0230,1.0230,1.0008,no,"com.adobe.raw-image",yes,"thumbnail drawn","",,"nominal","","LibRaw open 0 + unpack 159 + copy 2 ms; LibRaw visible area 4624×3080 at (0,0); camera crop 4608×3072 at +(44,30); black 512.0; maximum 16383 | BaselineExposure 0.35 written (source had none)"
1,"_WEX3879.ARW","libraw_cfa_jxl-d1.0-e7-xyb_cubic0.10_keep_t512_be0.35","libraw-0.22.1-Release",4608,3072,14.16,163,0,0,0,32,305,2,502,1.991,18657280,663235,28.13,3677,0.0291,0.1058,0.00487,1.0033,1.0124,52.84,0.9831,0.1560,52.45,52.70,52.34,53.23,0.161,0.141,yes,yes,0.0261,1.0030,1.0136,no,"com.adobe.raw-image",yes,"thumbnail drawn","",,"nominal","","LibRaw open 0 + unpack 157 + copy 2 ms; LibRaw visible area 4624×3080 at (0,0); camera crop 4608×3072 at +(44,30); black 512.0; maximum 16383 | BaselineExposure 0.35 written (source had none)"
1,"_WEX3879.ARW","libraw_cfa_jxl-d0.5-e7-xyb_lut2.2_keep_t512_be0.35","libraw-0.22.1-Release",4608,3072,14.16,164,0,0,0,64,310,5,543,1.840,18657280,1272824,14.66,3680,12.4406,20.1501,0.62127,6.1988,7.5919,11.05,0.4977,3.6859,10.63,10.59,10.20,11.85,3.719,3.607,yes,yes,12.4368,6.1986,7.5982,no,"com.adobe.raw-image",yes,"thumbnail drawn","",,"nominal","","LibRaw open 0 + unpack 158 + copy 2 ms; LibRaw visible area 4624×3080 at (0,0); camera crop 4608×3072 at +(44,30); black 512.0; maximum 16383 | BaselineExposure 0.35 written (source had none)"
1,"_WEX3879.ARW","libraw_cfa_jxl-d1.0-e7-rgb_linear_keep_t512_be0.35","libraw-0.22.1-Release",4608,3072,14.16,162,0,0,0,0,307,1,469,2.130,18657280,421488,44.27,4056,0.0419,0.4684,0.02604,1.0419,1.0358,39.81,0.9190,0.9165,39.30,40.00,39.33,40.22,0.924,0.874,yes,yes,0.0347,1.0347,1.0331,no,"com.adobe.raw-image",yes,"thumbnail drawn","",,"nominal","","LibRaw open 0 + unpack 156 + copy 2 ms; LibRaw visible area 4624×3080 at (0,0); camera crop 4608×3072 at +(44,30); black 512.0; maximum 16383 | BaselineExposure 0.35 written (source had none)"
1,"_WEX3879.ARW","libraw_metal_linear_lj92_keep_t512_be0.35","libraw-0.22.1-Release",4608,3072,14.16,167,71,0,0,138,110,37,523,1.912,18657280,42277994,0.44,4618,0.0324,0.0889,0.00593,1.0165,0.9824,39.65,0.9764,0.2729,,,,,,,,yes,0.0321,1.0140,0.9820,no,"com.adobe.raw-image",yes,"thumbnail drawn","",,"nominal","","LibRaw open 0 + unpack 161 + copy 2 ms; LibRaw visible area 4624×3080 at (0,0); camera crop 4608×3072 at +(44,30); black 512.0; maximum 16383 | Metal upload 3 + metal 8 + resize 0 + readback 60 ms | BaselineExposure 0.35 written (source had none)"
1,"_WEX3879.ARW","libraw_metal_linear_lj92_10mp_t512_be0.35","libraw-0.22.1-Release",3873,2582,10.00,160,71,0,0,35,92,34,392,2.548,18657280,34307911,0.54,4796,0.0332,0.0890,0.00593,1.0169,0.9822,38.97,0.9747,0.2812,,,,,,,,yes,0.0298,1.0140,0.9813,no,"com.adobe.raw-image",yes,"thumbnail drawn","",,"nominal","","LibRaw open 0 + unpack 155 + copy 1 ms; LibRaw visible area 4624×3080 at (0,0); camera crop 4608×3072 at +(44,30); black 512.0; maximum 16383 | Metal upload 3 + metal 8 + resize 24 + readback 36 ms | BaselineExposure 0.35 written (source had none)"
1,"_WEX3879.ARW","libraw_metal_linear_jxl-d0.5-e7-xyb_lut2.2_keep_t512_be0.35","libraw-0.22.1-Release",4608,3072,14.16,164,56,0,0,165,421,8,815,1.227,18657280,1693205,11.02,4586,0.0335,0.0895,0.00592,1.0170,0.9819,60.19,0.9933,0.0652,58.42,59.61,59.40,60.79,0.062,0.072,yes,yes,0.0331,1.0147,0.9817,no,"com.adobe.raw-image",yes,"thumbnail drawn","",,"nominal","","LibRaw open 0 + unpack 159 + copy 1 ms; LibRaw visible area 4624×3080 at (0,0); camera crop 4608×3072 at +(44,30); black 512.0; maximum 16383 | Metal upload 3 + metal 8 + resize 0 + readback 45 ms | BaselineExposure 0.35 written (source had none)"
1,"_WEX3879.ARW","libraw_metal_linear_jxl-d0.5-e7-xyb_lut2.2_10mp_t512_be0.35","libraw-0.22.1-Release",3873,2582,10.00,164,56,0,0,106,391,6,723,1.383,18657280,1225916,15.22,4876,0.0339,0.0893,0.00591,1.0170,0.9816,61.10,0.9939,0.0657,61.06,59.77,60.26,61.79,0.062,0.072,yes,yes,0.0304,1.0144,0.9810,no,"com.adobe.raw-image",yes,"thumbnail drawn","",,"nominal","","LibRaw open 0 + unpack 159 + copy 1 ms; LibRaw visible area 4624×3080 at (0,0); camera crop 4608×3072 at +(44,30); black 512.0; maximum 16383 | Metal upload 3 + metal 8 + resize 11 + readback 33 ms | BaselineExposure 0.35 written (source had none)"
1,"_WEX3879.ARW","libraw_metal_linear_jxl-d1.0-e7-xyb_lut2.2_10mp_t512_be0.35","libraw-0.22.1-Release",3873,2582,10.00,161,54,0,0,112,376,6,709,1.411,18657280,653102,28.57,4816,0.0342,0.0899,0.00590,1.0168,0.9807,57.47,0.9908,0.0833,57.35,56.42,56.65,58.27,0.081,0.092,yes,yes,0.0305,1.0145,0.9802,no,"com.adobe.raw-image",yes,"thumbnail drawn","",,"nominal","","LibRaw open 0 + unpack 156 + copy 1 ms; LibRaw visible area 4624×3080 at (0,0); camera crop 4608×3072 at +(44,30); black 512.0; maximum 16383 | Metal upload 2 + metal 10 + resize 11 + readback 30 ms | BaselineExposure 0.35 written (source had none)"
1,"_WEX3879.ARW","libraw_metal_linear_jxl-d2.0-e7-xyb_lut2.2_10mp_t512_be0.35","libraw-0.22.1-Release",3873,2582,10.00,162,58,0,0,107,380,6,712,1.405,18657280,397670,46.92,4970,0.0341,0.0902,0.00591,1.0166,0.9804,53.88,0.9876,0.1033,53.60,52.83,53.00,54.61,0.100,0.111,yes,yes,0.0301,1.0145,0.9801,no,"com.adobe.raw-image",yes,"thumbnail drawn","",,"nominal","","LibRaw open 0 + unpack 157 + copy 1 ms; LibRaw visible area 4624×3080 at (0,0); camera crop 4608×3072 at +(44,30); black 512.0; maximum 16383 | Metal upload 3 + metal 10 + resize 11 + readback 33 ms | BaselineExposure 0.35 written (source had none)"
1,"_WEX3879.ARW","libraw_metal_linear_jxl-d1.0-e3-xyb_lut2.2_10mp_t512_be0.35","libraw-0.22.1-Release",3873,2582,10.00,161,58,0,0,111,129,6,465,2.151,18657280,473966,39.36,4989,0.0346,0.0907,0.00590,1.0164,0.9816,56.82,0.9877,0.0976,56.61,55.73,56.01,57.53,0.094,0.105,yes,yes,0.0298,1.0159,0.9819,no,"com.adobe.raw-image",yes,"thumbnail drawn","",,"nominal","","LibRaw open 0 + unpack 157 + copy 1 ms; LibRaw visible area 4624×3080 at (0,0); camera crop 4608×3072 at +(44,30); black 512.0; maximum 16383 | Metal upload 3 + metal 8 + resize 11 + readback 36 ms | BaselineExposure 0.35 written (source had none)"
1,"_WEX3879.ARW","libraw_metal_linear_jxl-d1.0-e5-xyb_lut2.2_10mp_t512_be0.35","libraw-0.22.1-Release",3873,2582,10.00,163,58,0,0,106,258,6,592,1.690,18657280,648146,28.79,5212,0.0342,0.0902,0.00590,1.0169,0.9804,57.37,0.9909,0.0856,57.36,56.06,56.50,58.14,0.082,0.093,yes,yes,0.0303,1.0146,0.9799,no,"com.adobe.raw-image",yes,"thumbnail drawn","",,"nominal","","LibRaw open 0 + unpack 159 + copy 1 ms; LibRaw visible area 4624×3080 at (0,0); camera crop 4608×3072 at +(44,30); black 512.0; maximum 16383 | Metal upload 3 + metal 9 + resize 12 + readback 33 ms | BaselineExposure 0.35 written (source had none)"
1,"_WEX3879.ARW","libraw_metal_linear_jxl-d0.5-e7-xyb_cubic0.10_10mp_t512_be0.35","libraw-0.22.1-Release",3873,2582,10.00,160,53,0,0,54,394,3,663,1.507,18657280,1107830,16.84,5283,0.0332,0.0892,0.00591,1.0158,0.9823,60.26,0.9915,0.0734,60.30,58.84,59.35,60.99,0.071,0.079,yes,yes,0.0315,1.0130,0.9812,yes,"com.adobe.raw-image",yes,"thumbnail drawn","",,"nominal","","LibRaw open 0 + unpack 156 + copy 1 ms; LibRaw visible area 4624×3080 at (0,0); camera crop 4608×3072 at +(44,30); black 512.0; maximum 16383 | Metal upload 3 + metal 8 + resize 11 + readback 31 ms | BaselineExposure 0.35 written (source had none)"
1,"_WEX3879.ARW","libraw_metal_linear_jxl-d1.0-e7-rgb_linear_10mp_t512_be0.35","libraw-0.22.1-Release",3873,2582,10.00,162,64,0,0,31,283,4,544,1.837,18657280,559009,33.38,5525,0.0297,0.0885,0.00607,1.0229,0.9889,46.39,0.9735,0.1688,44.98,47.44,45.82,46.84,0.167,0.184,yes,yes,0.0273,1.0190,0.9880,yes,"com.adobe.raw-image",yes,"thumbnail drawn","",,"nominal","","LibRaw open 0 + unpack 158 + copy 1 ms; LibRaw visible area 4624×3080 at (0,0); camera crop 4608×3072 at +(44,30); black 512.0; maximum 16383 | Metal upload 3 + metal 9 + resize 16 + readback 35 ms | BaselineExposure 0.35 written (source had none)"
1,"_WEX3879.ARW","libraw_metal_linear_jxl-d1.0-e7-xyb_lut2.2_10mp_t0_be0.35","libraw-0.22.1-Release",3873,2582,10.00,161,68,0,0,104,342,6,681,1.468,18657280,620782,30.05,6032,0.0343,0.0900,0.00590,1.0169,0.9808,57.92,0.9910,0.0815,57.76,56.93,57.09,58.68,0.079,0.089,yes,yes,0.7991,0.2009,0.5177,no,"com.adobe.raw-image",yes,"thumbnail drawn","",,"nominal","","LibRaw open 0 + unpack 156 + copy 1 ms; LibRaw visible area 4624×3080 at (0,0); camera crop 4608×3072 at +(44,30); black 512.0; maximum 16383 | Metal upload 2 + metal 8 + resize 25 + readback 32 ms | BaselineExposure 0.35 written (source had none)"
1,"_WEX3879.ARW","libraw_bin2_linear_jxl-d1.0-e7-xyb_lut2.2_keep_t256_be0.35","libraw-0.22.1-Release",2304,1536,3.54,344,42,0,0,45,142,5,579,1.728,18657280,317401,58.78,371,0.0319,0.0928,0.00599,1.0164,0.9806,38.08,0.9785,0.2668,36.97,38.62,37.19,38.73,0.300,0.234,yes,yes,0.0333,1.0131,0.9798,no,"com.adobe.raw-image",yes,"thumbnail drawn","",,"nominal","","LibRaw open 8 + unpack 232 + copy 4 ms; LibRaw visible area 4624×3080 at (0,0); camera crop 4608×3072 at +(44,30); black 512.0; maximum 16383 | Metal upload 4 + bin2 19 + resize 0 + readback 19 ms | BaselineExposure 0.35 written (source had none)"
1,"_WEX3879.ARW","libraw_metal_linear_jxl-d1.0-e7-xyb_lut2.2_10mp_t256_be0.35","libraw-0.22.1-Release",3873,2582,10.00,215,159,0,0,165,752,8,1299,0.770,18657280,676003,27.60,1562,0.0342,0.0897,0.00591,1.0168,0.9807,57.42,0.9909,0.0834,57.34,56.36,56.58,58.22,0.080,0.092,yes,yes,0.0305,1.0144,0.9802,no,"com.adobe.raw-image",yes,"thumbnail drawn","",,"nominal","","LibRaw open 0 + unpack 206 + copy 2 ms; LibRaw visible area 4624×3080 at (0,0); camera crop 4608×3072 at +(44,30); black 512.0; maximum 16383 | Metal upload 3 + metal 18 + resize 67 + readback 70 ms | BaselineExposure 0.35 written (source had none)"
1,"_WEX3879.ARW","libraw-demosaic_linear_lj92_10mp_t512_be0.35","libraw-demosaic-q3",3875,2581,10.00,452,0,239,0,54,197,50,993,1.007,18657280,34369511,0.54,1507,0.0294,0.2383,0.01596,1.0287,1.0007,24.24,0.8245,0.8695,,,,,,,,yes,0.0317,1.0244,0.9992,no,"com.adobe.raw-image",yes,"thumbnail drawn","",,"nominal","","LibRaw process (q3) 209 ms + copy 37 ms | BaselineExposure 0.35 written (source had none)"
1,"_WEX3879.ARW","libraw-demosaic_linear_jxl-d1.0-e7-xyb_lut2.2_10mp_t512_be0.35","libraw-demosaic-q3",3875,2581,10.00,467,0,303,0,181,870,9,1831,0.546,18657280,662945,28.14,1347,0.0313,0.2406,0.01604,1.0289,0.9990,53.67,0.9843,0.1220,52.96,52.75,52.70,54.53,0.119,0.132,yes,yes,0.0333,1.0252,0.9979,no,"com.adobe.raw-image",yes,"thumbnail drawn","",,"nominal","","LibRaw process (q3) 224 ms + copy 27 ms | BaselineExposure 0.35 written (source had none)"
1,"_WEX3879.ARW","libraw_metal_linear_jpeg8-q0.90_cubic0.10_10mp_t512_be0.35","libraw-0.22.1-Release",3873,2582,10.00,172,102,0,0,63,9,2,348,2.875,18657280,1627284,11.47,1702,0.0117,0.0769,0.00680,1.0015,0.9977,53.62,0.9786,0.1143,53.37,53.06,52.95,54.30,0.112,0.126,yes,yes,0.0121,1.0014,0.9950,yes,"com.adobe.raw-image",yes,"thumbnail drawn","",,"nominal","","LibRaw open 0 + unpack 165 + copy 3 ms; LibRaw visible area 4624×3080 at (0,0); camera crop 4608×3072 at +(44,30); black 512.0; maximum 16383 | Metal upload 3 + metal 9 + resize 35 + readback 53 ms | ImageIO JPEG sampling 2x2,1x1,1x1 | BaselineExposure 0.35 written (source had none)"
1,"_WEX3879.ARW","libraw_metal_linear_hwjpeg-q0.90_cubic0.10_10mp_t512_be0.35","libraw-0.22.1-Release",3873,2582,10.00,162,107,0,0,46,68,2,385,2.600,18657280,1640625,11.37,2029,0.2127,0.3565,0.02986,1.2127,0.9612,42.40,0.9712,0.3032,41.59,43.60,41.96,42.72,0.298,0.290,yes,yes,1.0000,-0.0000,-0.0000,yes,"com.adobe.raw-image",yes,"thumbnail drawn","",,"nominal","","LibRaw open 0 + unpack 156 + copy 2 ms; LibRaw visible area 4624×3080 at (0,0); camera crop 4608×3072 at +(44,30); black 512.0; maximum 16383 | Metal upload 3 + metal 12 + resize 36 + readback 55 ms | VideoToolbox com.apple.videotoolbox.videoencoder.jpeg.ajpeg sampling 2x2,1x1,1x1 | BaselineExposure 0.35 written (source had none)"
1,"_WEX3879.ARW","libraw_metal_linear_jpeg8-q0.90_lut2.2_10mp_t512_be0.35","libraw-0.22.1-Release",3873,2582,10.00,163,85,0,0,192,9,3,453,2.208,18657280,1508095,12.37,2774,136.3849,174.4602,3.51367,137.3849,94.9454,-10.83,0.1327,7.2343,-11.75,-8.84,-12.02,-9.72,7.415,6.750,yes,yes,136.1154,137.1154,94.7592,no,"com.adobe.raw-image",yes,"thumbnail drawn","",,"nominal","","LibRaw open 0 + unpack 158 + copy 2 ms; LibRaw visible area 4624×3080 at (0,0); camera crop 4608×3072 at +(44,30); black 512.0; maximum 16383 | Metal upload 3 + metal 8 + resize 20 + readback 53 ms | ImageIO JPEG sampling 2x2,1x1,1x1 | BaselineExposure 0.35 written (source had none)"
1,"_WEX4159.ARW","apple_linear_lj92_keep_t512","apple-ciraw",4608,3072,14.16,507,0,0,0,95,176,223,1001,0.999,18116608,19655433,0.92,2832,0.3591,0.4895,0.01273,0.7242,0.6409,38.95,0.9393,1.5274,,,,,,,,yes,0.3647,0.7191,0.6353,no,"com.adobe.raw-image",yes,"thumbnail drawn","",,"nominal","","CIRAWFilter native 4608x3072, neutral 6061 K / 24.3, scale 1.000 (setup 58 + render 439 ms)"
1,"_WEX4159.ARW","apple_linear_lj92_10mp_t512","apple-ciraw",3873,2582,10.00,294,0,0,0,55,120,31,503,1.987,18116608,15381797,1.18,3363,0.3637,0.4926,0.01277,0.7130,0.6363,39.24,0.9387,1.5378,,,,,,,,yes,0.3648,0.7162,0.6352,no,"com.adobe.raw-image",yes,"thumbnail drawn","",,"nominal","","CIRAWFilter native 4608x3072, neutral 6061 K / 24.3, scale 0.840 (setup 56 + render 228 ms)"
1,"_WEX4159.ARW","apple_linear_jxl-d0.5-e7-xyb_lut2.2_keep_t512","apple-ciraw",4608,3072,14.16,356,0,0,0,217,539,5,1118,0.895,18116608,1027463,17.63,3025,0.3477,0.4999,0.01276,0.8108,0.6523,54.97,0.9423,0.2796,54.25,49.90,53.24,54.58,0.268,0.359,yes,yes,0.3564,0.8048,0.6436,no,"com.adobe.raw-image",yes,"thumbnail drawn","",,"nominal","","CIRAWFilter native 4608x3072, neutral 6061 K / 24.3, scale 1.000 (setup 55 + render 295 ms)"
1,"_WEX4159.ARW","apple_linear_jxl-d0.5-e7-xyb_lut2.2_10mp_t512","apple-ciraw",3873,2582,10.00,353,0,0,0,207,781,8,1350,0.741,18116608,746522,24.27,3498,0.3517,0.4995,0.01275,0.8004,0.6483,55.28,0.9465,0.2798,54.63,50.16,53.57,54.91,0.268,0.361,yes,yes,0.3566,0.8014,0.6434,no,"com.adobe.raw-image",yes,"thumbnail drawn","",,"nominal","","CIRAWFilter native 4608x3072, neutral 6061 K / 24.3, scale 0.840 (setup 55 + render 283 ms)"
1,"_WEX4159.ARW","apple_linear_jxl-d1.0-e7-xyb_lut2.2_10mp_t512","apple-ciraw",3873,2582,10.00,361,0,0,0,176,849,7,1394,0.718,18116608,487103,37.19,3499,0.3438,0.5009,0.01270,0.8352,0.6562,52.55,0.9200,0.3398,51.96,47.54,50.91,52.15,0.332,0.433,yes,yes,0.3488,0.8363,0.6512,no,"com.adobe.raw-image",yes,"thumbnail drawn","",,"nominal","","CIRAWFilter native 4608x3072, neutral 6061 K / 24.3, scale 0.840 (setup 62 + render 286 ms)"
1,"_WEX4159.ARW","apple_linear_jxl-d2.0-e7-xyb_lut2.2_10mp_t512","apple-ciraw",3873,2582,10.00,273,0,0,0,149,492,4,918,1.089,18116608,338506,53.52,3803,0.3206,0.4926,0.01279,0.8908,0.6794,49.34,0.8838,0.4199,48.73,44.50,47.79,48.89,0.412,0.525,yes,yes,0.3257,0.8910,0.6743,no,"com.adobe.raw-image",yes,"thumbnail drawn","",,"nominal","","CIRAWFilter native 4608x3072, neutral 6061 K / 24.3, scale 0.840 (setup 44 + render 222 ms)"
1,"_WEX4159.ARW","apple_linear_jxl-d1.0-e3-xyb_lut2.2_10mp_t512","apple-ciraw",3873,2582,10.00,221,0,0,0,144,133,4,503,1.990,18116608,393324,46.06,3886,0.3229,0.4992,0.01267,0.9306,0.6771,48.93,0.8527,0.4875,48.58,44.01,47.38,48.58,0.475,0.594,yes,yes,0.3301,0.9291,0.6699,no,"com.adobe.raw-image",yes,"thumbnail drawn","",,"nominal","","CIRAWFilter native 4608x3072, neutral 6061 K / 24.3, scale 0.840 (setup 42 + render 173 ms)"
1,"_WEX4159.ARW","apple_linear_jxl-d1.0-e5-xyb_lut2.2_10mp_t512","apple-ciraw",3873,2582,10.00,390,0,0,0,216,529,6,1144,0.874,18116608,479922,37.75,4041,0.3432,0.5007,0.01273,0.8416,0.6568,52.09,0.9182,0.3570,51.53,47.13,50.47,51.70,0.348,0.451,yes,yes,0.3485,0.8422,0.6515,no,"com.adobe.raw-image",yes,"thumbnail drawn","",,"nominal","","CIRAWFilter native 4608x3072, neutral 6061 K / 24.3, scale 0.840 (setup 61 + render 320 ms)"
1,"_WEX4159.ARW","apple_linear_jxl-d0.5-e7-xyb_cubic0.10_10mp_t512","apple-ciraw",3873,2582,10.00,411,0,0,0,72,518,1,1003,0.997,18116608,445315,40.68,4333,0.3616,0.4626,0.01261,0.6925,0.6384,61.49,0.9964,0.1133,60.62,56.22,59.83,61.03,0.104,0.162,yes,yes,0.3648,0.6938,0.6352,yes,"com.adobe.raw-image",yes,"thumbnail drawn","",,"nominal","","CIRAWFilter native 4608x3072, neutral 6061 K / 24.3, scale 0.840 (setup 71 + render 334 ms)"
1,"_WEX4159.ARW","apple_linear_jxl-d1.0-e7-rgb_linear_10mp_t512","apple-ciraw",3873,2582,10.00,271,0,0,0,47,382,1,701,1.427,18116608,352985,51.32,4917,0.2978,0.4707,0.01265,0.7073,0.7022,42.89,0.9103,0.3890,40.56,41.33,41.83,41.93,0.407,0.527,yes,yes,0.3110,0.7005,0.6890,yes,"com.adobe.raw-image",yes,"thumbnail drawn","",,"nominal","","CIRAWFilter native 4608x3072, neutral 6061 K / 24.3, scale 0.840 (setup 43 + render 221 ms)"
1,"_WEX4159.ARW","apple_linear_jpeg8-q0.90_cubic0.10_10mp_t512","apple-ciraw",3873,2582,10.00,272,0,0,0,49,5,6,332,3.009,18116608,757343,23.92,5373,0.3251,0.4669,0.01303,0.6749,0.6936,53.27,0.9603,0.2195,51.34,50.40,52.13,52.35,0.235,0.357,yes,yes,0.3279,0.6721,0.6827,yes,"com.adobe.raw-image",yes,"thumbnail drawn","",,"nominal","","CIRAWFilter native 4608x3072, neutral 6061 K / 24.3, scale 0.840 (setup 43 + render 222 ms) | ImageIO JPEG sampling 2x2,1x1,1x1"
1,"_WEX4159.ARW","apple_linear_hwjpeg-q0.90_cubic0.10_10mp_t512","apple-ciraw",3873,2582,10.00,239,0,0,0,58,31,1,328,3.045,18116608,699939,25.88,5913,0.3747,0.4616,0.02081,0.6326,0.6253,46.21,0.9466,0.3720,43.97,44.47,45.17,45.24,0.361,0.529,yes,yes,1.0000,0.0000,0.0000,yes,"com.adobe.raw-image",yes,"thumbnail drawn","",,"nominal","","CIRAWFilter native 4608x3072, neutral 6061 K / 24.3, scale 0.840 (setup 44 + render 189 ms) | VideoToolbox com.apple.videotoolbox.videoencoder.jpeg.ajpeg sampling 2x2,1x1,1x1"
1,"_WEX4159.ARW","libraw_cfa_lj92_keep_t512_be0.35","libraw-0.22.1-Release",4608,3072,14.16,226,0,0,0,0,63,7,296,3.383,18116608,13005142,1.39,5312,0.0795,0.1072,0.00897,1.0063,0.9984,47.26,0.9950,0.1022,,,,,,,,yes,0.0813,0.9996,0.9963,no,"com.adobe.raw-image",yes,"thumbnail drawn","",,"nominal","","LibRaw open 5 + unpack 214 + copy 3 ms; LibRaw visible area 4624×3080 at (0,0); camera crop 4608×3072 at +(44,30); black 512.0; maximum 16383 | BaselineExposure 0.35 written (source had none)"
1,"_WEX4159.ARW","libraw_cfa_jxl-lossless-e7_keep_t512_be0.35","libraw-0.22.1-Release",4608,3072,14.16,220,0,0,0,0,180,8,408,2.450,18116608,12377071,1.46,5450,0.0795,0.1072,0.00897,1.0063,0.9984,47.26,0.9950,0.1022,,,,,,,,yes,0.0813,0.9996,0.9963,no,"com.adobe.raw-image",yes,"thumbnail drawn","",,"nominal","","LibRaw open 0 + unpack 209 + copy 8 ms; LibRaw visible area 4624×3080 at (0,0); camera crop 4608×3072 at +(44,30); black 512.0; maximum 16383 | BaselineExposure 0.35 written (source had none)"
1,"_WEX4159.ARW","libraw_cfa_jxl-d0.5-e7-xyb_cubic0.10_keep_t512_be0.35","libraw-0.22.1-Release",4608,3072,14.16,224,0,0,0,42,673,1,940,1.064,18116608,915292,19.79,5453,0.0523,0.1019,0.00866,0.9519,1.0415,61.45,0.9815,0.0914,60.84,61.59,60.79,61.94,0.094,0.090,yes,yes,0.0544,0.9459,1.0390,no,"com.adobe.raw-image",yes,"thumbnail drawn","",,"nominal","","LibRaw open 1 + unpack 217 + copy 2 ms; LibRaw visible area 4624×3080 at (0,0); camera crop 4608×3072 at +(44,30); black 512.0; maximum 16383 | BaselineExposure 0.35 written (source had none)"
1,"_WEX4159.ARW","libraw_cfa_jxl-d1.0-e7-xyb_cubic0.10_keep_t512_be0.35","libraw-0.22.1-Release",4608,3072,14.16,166,0,0,0,33,428,1,628,1.592,18116608,436045,41.55,5543,0.1392,0.0975,0.00747,0.9045,1.1392,54.04,0.9518,0.2204,53.48,53.96,53.41,54.59,0.230,0.204,yes,yes,0.1349,0.8979,1.1349,no,"com.adobe.raw-image",yes,"thumbnail drawn","",,"nominal","","LibRaw open 0 + unpack 160 + copy 2 ms; LibRaw visible area 4624×3080 at (0,0); camera crop 4608×3072 at +(44,30); black 512.0; maximum 16383 | BaselineExposure 0.35 written (source had none)"
1,"_WEX4159.ARW","libraw_cfa_jxl-d0.5-e7-xyb_lut2.2_keep_t512_be0.35","libraw-0.22.1-Release",4608,3072,14.16,217,0,0,0,86,775,6,1085,0.922,18116608,1210056,14.97,5480,23.6267,13.5599,0.41667,13.0001,24.6267,15.07,0.3126,4.1526,14.44,14.41,14.23,15.85,4.191,4.273,yes,yes,23.6454,12.9863,24.6454,no,"com.adobe.raw-image",yes,"thumbnail drawn","",,"nominal","","LibRaw open 0 + unpack 211 + copy 2 ms; LibRaw visible area 4624×3080 at (0,0); camera crop 4608×3072 at +(44,30); black 512.0; maximum 16383 | BaselineExposure 0.35 written (source had none)"
1,"_WEX4159.ARW","libraw_cfa_jxl-d1.0-e7-rgb_linear_keep_t512_be0.35","libraw-0.22.1-Release",4608,3072,14.16,171,0,0,0,0,408,0,580,1.725,18116608,225481,80.35,5630,0.2463,0.4326,0.01592,0.9558,1.1283,42.99,0.8851,0.9817,42.42,42.73,42.41,43.47,1.051,0.837,yes,yes,0.2396,0.9411,1.1140,no,"com.adobe.raw-image",yes,"thumbnail drawn","",,"nominal","","LibRaw open 0 + unpack 165 + copy 2 ms; LibRaw visible area 4624×3080 at (0,0); camera crop 4608×3072 at +(44,30); black 512.0; maximum 16383 | BaselineExposure 0.35 written (source had none)"
1,"_WEX4159.ARW","libraw_metal_linear_lj92_keep_t512_be0.35","libraw-0.22.1-Release",4608,3072,14.16,166,78,0,0,88,142,27,501,1.998,18116608,38067490,0.48,6141,0.0701,0.0987,0.00576,0.9747,0.9329,39.56,0.9563,0.3584,,,,,,,,yes,0.0749,0.9585,0.9251,no,"com.adobe.raw-image",yes,"thumbnail drawn","",,"nominal","","LibRaw open 0 + unpack 161 + copy 2 ms; LibRaw visible area 4624×3080 at (0,0); camera crop 4608×3072 at +(44,30); black 512.0; maximum 16383 | Metal upload 3 + metal 9 + resize 0 + readback 66 ms | BaselineExposure 0.35 written (source had none)"
1,"_WEX4159.ARW","libraw_metal_linear_lj92_10mp_t512_be0.35","libraw-0.22.1-Release",3873,2582,10.00,167,104,0,0,48,131,20,470,2.126,18116608,31142610,0.58,6437,0.0734,0.1019,0.00568,0.9748,0.9312,38.83,0.9540,0.3697,,,,,,,,yes,0.0728,0.9650,0.9272,no,"com.adobe.raw-image",yes,"thumbnail drawn","",,"nominal","","LibRaw open 0 + unpack 161 + copy 2 ms; LibRaw visible area 4624×3080 at (0,0); camera crop 4608×3072 at +(44,30); black 512.0; maximum 16383 | Metal upload 3 + metal 10 + resize 22 + readback 68 ms | BaselineExposure 0.35 written (source had none)"
1,"_WEX4159.ARW","libraw_metal_linear_jxl-d0.5-e7-xyb_lut2.2_keep_t512_be0.35","libraw-0.22.1-Release",4608,3072,14.16,167,70,0,0,209,561,8,1015,0.985,18116608,1708516,10.60,6388,0.0709,0.0982,0.00578,0.9795,0.9302,62.11,0.9834,0.0962,61.83,60.10,61.09,62.91,0.088,0.110,yes,yes,0.0766,0.9644,0.9234,no,"com.adobe.raw-image",yes,"thumbnail drawn","",,"nominal","","LibRaw open 0 + unpack 161 + copy 2 ms; LibRaw visible area 4624×3080 at (0,0); camera crop 4608×3072 at +(44,30); black 512.0; maximum 16383 | Metal upload 3 + metal 14 + resize 0 + readback 52 ms | BaselineExposure 0.35 written (source had none)"
1,"_WEX4159.ARW","libraw_metal_linear_jxl-d0.5-e7-xyb_lut2.2_10mp_t512_be0.35","libraw-0.22.1-Release",3873,2582,10.00,169,93,0,0,130,532,9,933,1.072,18116608,1249350,14.50,6333,0.0741,0.1017,0.00557,0.9776,0.9266,61.45,0.9841,0.1006,58.90,59.68,60.47,62.07,0.089,0.112,yes,yes,0.0753,0.9697,0.9247,no,"com.adobe.raw-image",yes,"thumbnail drawn","",,"nominal","","LibRaw open 0 + unpack 162 + copy 2 ms; LibRaw visible area 4624×3080 at (0,0); camera crop 4608×3072 at +(44,30); black 512.0; maximum 16383 | Metal upload 3 + metal 10 + resize 26 + readback 52 ms | BaselineExposure 0.35 written (source had none)"
1,"_WEX4159.ARW","libraw_metal_linear_jxl-d1.0-e7-xyb_lut2.2_10mp_t512_be0.35","libraw-0.22.1-Release",3873,2582,10.00,171,109,0,0,150,518,6,954,1.048,18116608,656661,27.59,6442,0.0794,0.1016,0.00566,0.9751,0.9206,57.83,0.9773,0.1247,57.04,56.18,56.81,58.52,0.116,0.138,yes,yes,0.0788,0.9687,0.9212,no,"com.adobe.raw-image",yes,"thumbnail drawn","",,"nominal","","LibRaw open 0 + unpack 164 + copy 3 ms; LibRaw visible area 4624×3080 at (0,0); camera crop 4608×3072 at +(44,30); black 512.0; maximum 16383 | Metal upload 3 + metal 21 + resize 31 + readback 53 ms | BaselineExposure 0.35 written (source had none)"
1,"_WEX4159.ARW","libraw_metal_linear_jxl-d2.0-e7-xyb_lut2.2_10mp_t512_be0.35","libraw-0.22.1-Release",3873,2582,10.00,172,114,0,0,152,498,6,943,1.061,18116608,390110,46.44,6657,0.0825,0.1014,0.00559,0.9741,0.9175,54.14,0.9728,0.1564,53.22,52.21,53.11,55.03,0.147,0.169,yes,yes,0.0812,0.9689,0.9188,no,"com.adobe.raw-image",yes,"thumbnail drawn","",,"nominal","","LibRaw open 0 + unpack 165 + copy 3 ms; LibRaw visible area 4624×3080 at (0,0); camera crop 4608×3072 at +(44,30); black 512.0; maximum 16383 | Metal upload 3 + metal 16 + resize 35 + readback 60 ms | BaselineExposure 0.35 written (source had none)"
1,"_WEX4159.ARW","libraw_metal_linear_jxl-d1.0-e3-xyb_lut2.2_10mp_t512_be0.35","libraw-0.22.1-Release",3873,2582,10.00,244,156,0,0,190,322,6,919,1.088,18116608,485668,37.30,6694,0.0750,0.1019,0.00559,0.9764,0.9291,57.28,0.9729,0.1469,55.23,55.89,56.47,57.84,0.138,0.163,yes,yes,0.0700,0.9720,0.9300,no,"com.adobe.raw-image",yes,"thumbnail drawn","",,"nominal","","LibRaw open 0 + unpack 234 + copy 5 ms; LibRaw visible area 4624×3080 at (0,0); camera crop 4608×3072 at +(44,30); black 512.0; maximum 16383 | Metal upload 4 + metal 17 + resize 54 + readback 76 ms | BaselineExposure 0.35 written (source had none)"
1,"_WEX4159.ARW","libraw_metal_linear_jxl-d1.0-e5-xyb_lut2.2_10mp_t512_be0.35","libraw-0.22.1-Release",3873,2582,10.00,214,99,0,0,201,574,8,1097,0.912,18116608,648853,27.92,7231,0.0817,0.1019,0.00563,0.9755,0.9183,57.49,0.9774,0.1274,56.46,55.49,56.46,58.33,0.121,0.140,yes,yes,0.0810,0.9694,0.9190,no,"com.adobe.raw-image",yes,"thumbnail drawn","",,"nominal","","LibRaw open 0 + unpack 205 + copy 4 ms; LibRaw visible area 4624×3080 at (0,0); camera crop 4608×3072 at +(44,30); black 512.0; maximum 16383 | Metal upload 4 + metal 12 + resize 24 + readback 56 ms | BaselineExposure 0.35 written (source had none)"
1,"_WEX4159.ARW","libraw_metal_linear_jxl-d0.5-e7-xyb_cubic0.10_10mp_t512_be0.35","libraw-0.22.1-Release",3873,2582,10.00,225,133,0,0,79,727,4,1168,0.856,18116608,762077,23.77,7356,0.0761,0.1011,0.00579,0.9656,0.9300,59.53,0.9769,0.1162,57.30,57.46,58.49,60.25,0.107,0.137,yes,yes,0.0715,0.9603,0.9294,yes,"com.adobe.raw-image",yes,"thumbnail drawn","",,"nominal","","LibRaw open 0 + unpack 216 + copy 3 ms; LibRaw visible area 4624×3080 at (0,0); camera crop 4608×3072 at +(44,30); black 512.0; maximum 16383 | Metal upload 3 + metal 20 + resize 41 + readback 67 ms | BaselineExposure 0.35 written (source had none)"
1,"_WEX4159.ARW","libraw_metal_linear_jxl-d1.0-e7-rgb_linear_10mp_t512_be0.35","libraw-0.22.1-Release",3873,2582,10.00,172,106,0,0,37,369,3,687,1.456,18116608,417313,43.41,7888,0.0611,0.0937,0.00538,1.0088,1.0048,46.87,0.9416,0.2855,45.99,47.63,46.29,47.43,0.280,0.336,yes,yes,0.0566,0.9972,0.9992,yes,"com.adobe.raw-image",yes,"thumbnail drawn","",,"nominal","","LibRaw open 0 + unpack 165 + copy 3 ms; LibRaw visible area 4624×3080 at (0,0); camera crop 4608×3072 at +(44,30); black 512.0; maximum 16383 | Metal upload 3 + metal 17 + resize 38 + readback 46 ms | BaselineExposure 0.35 written (source had none)"
1,"_WEX4159.ARW","libraw_bin2_linear_jxl-d1.0-e7-xyb_lut2.2_keep_t256_be0.35","libraw-0.22.1-Release",2304,1536,3.54,171,19,0,0,42,131,5,368,2.717,18116608,306220,59.16,7679,0.0804,0.1012,0.00592,0.9694,0.9196,37.60,0.9721,0.3656,36.38,38.75,36.85,38.23,0.417,0.313,yes,yes,0.0875,0.9529,0.9125,no,"com.adobe.raw-image",yes,"thumbnail drawn","",,"nominal","","LibRaw open 0 + unpack 164 + copy 2 ms; LibRaw visible area 4624×3080 at (0,0); camera crop 4608×3072 at +(44,30); black 512.0; maximum 16383 | Metal upload 3 + bin2 3 + resize 0 + readback 13 ms | BaselineExposure 0.35 written (source had none)"
1,"_WEX4159.ARW","libraw_metal_linear_jxl-d1.0-e7-xyb_lut2.2_10mp_t256_be0.35","libraw-0.22.1-Release",3873,2582,10.00,168,99,0,0,148,435,6,856,1.168,18116608,678304,26.71,8602,0.0792,0.1019,0.00566,0.9751,0.9208,58.17,0.9774,0.1253,58.08,56.13,57.11,59.04,0.118,0.138,yes,yes,0.0786,0.9687,0.9214,no,"com.adobe.raw-image",yes,"thumbnail drawn","",,"nominal","","LibRaw open 0 + unpack 161 + copy 3 ms; LibRaw visible area 4624×3080 at (0,0); camera crop 4608×3072 at +(44,30); black 512.0; maximum 16383 | Metal upload 3 + metal 14 + resize 33 + readback 48 ms | BaselineExposure 0.35 written (source had none)"
1,"_WEX4159.ARW","libraw-demosaic_linear_lj92_10mp_t512_be0.35","libraw-demosaic-q3",3875,2581,10.00,363,0,158,0,39,108,50,718,1.393,18116608,31040417,0.58,8672,0.0849,0.2436,0.01243,0.9653,0.9624,23.84,0.8113,1.4350,,,,,,,,yes,0.0943,0.9435,0.9492,no,"com.adobe.raw-image",yes,"thumbnail drawn","",,"nominal","","LibRaw process (q3) 165 ms + copy 29 ms | BaselineExposure 0.35 written (source had none)"
1,"_WEX4159.ARW","libraw-demosaic_linear_jxl-d1.0-e7-xyb_lut2.2_10mp_t512_be0.35","libraw-demosaic-q3",3875,2581,10.00,374,0,129,0,133,478,8,1123,0.891,18116608,657469,27.56,9003,0.0885,0.2443,0.01246,0.9669,0.9505,54.37,0.9638,0.1739,53.41,52.51,53.32,55.26,0.166,0.186,yes,yes,0.0959,0.9497,0.9413,no,"com.adobe.raw-image",yes,"thumbnail drawn","",,"nominal","","LibRaw process (q3) 164 ms + copy 38 ms | BaselineExposure 0.35 written (source had none)"
1,"_WEX4159.ARW","libraw_metal_linear_jpeg8-q0.90_cubic0.10_10mp_t512_be0.35","libraw-0.22.1-Release",3873,2582,10.00,172,102,0,0,46,6,2,329,3.039,18116608,1385174,13.08,8773,0.0618,0.0962,0.00499,0.9382,1.0143,52.89,0.9439,0.1809,50.55,52.63,52.19,53.50,0.166,0.214,yes,yes,0.0697,0.9303,1.0088,yes,"com.adobe.raw-image",yes,"thumbnail drawn","",,"nominal","","LibRaw open 0 + unpack 165 + copy 3 ms; LibRaw visible area 4624×3080 at (0,0); camera crop 4608×3072 at +(44,30); black 512.0; maximum 16383 | Metal upload 4 + metal 14 + resize 30 + readback 54 ms | ImageIO JPEG sampling 2x2,1x1,1x1 | BaselineExposure 0.35 written (source had none)"
1,"_WEX4159.ARW","libraw_metal_linear_hwjpeg-q0.90_cubic0.10_10mp_t512_be0.35","libraw-0.22.1-Release",3873,2582,10.00,169,120,0,0,50,19,3,361,2.773,18116608,1453952,12.46,9028,0.1124,0.1627,0.00650,1.1124,0.9106,49.86,0.9367,0.2436,48.99,50.17,49.19,50.19,0.232,0.233,yes,yes,1.0000,-0.0000,-0.0000,yes,"com.adobe.raw-image",yes,"thumbnail drawn","",,"nominal","","LibRaw open 0 + unpack 162 + copy 3 ms; LibRaw visible area 4624×3080 at (0,0); camera crop 4608×3072 at +(44,30); black 512.0; maximum 16383 | Metal upload 3 + metal 18 + resize 46 + readback 51 ms | VideoToolbox com.apple.videotoolbox.videoencoder.jpeg.ajpeg sampling 2x2,1x1,1x1 | BaselineExposure 0.35 written (source had none)"
1,"_WEX4159.ARW","libraw_metal_linear_jpeg8-q0.90_lut2.2_10mp_t512_be0.35","libraw-0.22.1-Release",3873,2582,10.00,171,119,0,0,149,7,15,461,2.169,18116608,1599966,11.32,9723,566.4968,151.0732,3.34375,500.3260,567.4968,-10.46,0.0569,7.9019,-11.56,-9.65,-11.56,-9.41,8.017,7.740,yes,yes,565.3911,499.3512,566.3911,no,"com.adobe.raw-image",yes,"thumbnail drawn","",,"nominal","","LibRaw open 0 + unpack 160 + copy 4 ms; LibRaw visible area 4624×3080 at (0,0); camera crop 4608×3072 at +(44,30); black 512.0; maximum 16383 | Metal upload 3 + metal 20 + resize 44 + readback 50 ms | ImageIO JPEG sampling 2x2,1x1,1x1 | BaselineExposure 0.35 written (source had none)"
1,"_WEX4319.ARW","apple_linear_lj92_keep_t512","apple-ciraw",4608,3072,14.16,534,0,0,0,73,89,18,714,1.400,17842176,15413106,1.16,10140,0.1583,0.1046,0.00364,0.9063,0.8417,42.88,0.9881,0.5210,,,,,,,,yes,0.1664,0.8984,0.8336,no,"com.adobe.raw-image",yes,"thumbnail drawn","",,"nominal","","CIRAWFilter native 4608x3072, neutral 3374 K / -11.0, scale 1.000 (setup 50 + render 476 ms)"
1,"_WEX4319.ARW","apple_linear_lj92_10mp_t512","apple-ciraw",3873,2582,10.00,288,0,0,0,60,74,12,435,2.300,17842176,12217554,1.46,10613,0.1632,0.1284,0.00373,0.8949,0.8368,43.23,0.9875,0.5246,,,,,,,,yes,0.1636,0.8983,0.8364,no,"com.adobe.raw-image",yes,"thumbnail drawn","",,"nominal","","CIRAWFilter native 4608x3072, neutral 3374 K / -11.0, scale 0.840 (setup 43 + render 238 ms)"
1,"_WEX4319.ARW","apple_linear_jxl-d0.5-e7-xyb_lut2.2_keep_t512","apple-ciraw",4608,3072,14.16,267,0,0,0,224,821,4,1317,0.759,17842176,787801,22.65,11073,0.1274,0.0643,0.00361,1.0285,0.8726,56.78,0.9210,0.2966,56.51,51.61,55.20,56.43,0.292,0.364,yes,yes,0.1394,1.0189,0.8606,no,"com.adobe.raw-image",yes,"thumbnail drawn","",,"nominal","","CIRAWFilter native 4608x3072, neutral 3374 K / -11.0, scale 1.000 (setup 45 + render 215 ms)"
1,"_WEX4319.ARW","apple_linear_jxl-d0.5-e7-xyb_lut2.2_10mp_t512","apple-ciraw",3873,2582,10.00,293,0,0,0,171,474,6,944,1.060,17842176,586227,30.44,10493,0.1301,0.0838,0.00363,1.0171,0.8699,57.12,0.9245,0.2827,56.86,51.93,55.54,56.76,0.283,0.354,yes,yes,0.1364,1.0155,0.8636,no,"com.adobe.raw-image",yes,"thumbnail drawn","",,"nominal","","CIRAWFilter native 4608x3072, neutral 3374 K / -11.0, scale 0.840 (setup 45 + render 241 ms)"
1,"_WEX4319.ARW","apple_linear_jxl-d1.0-e7-xyb_lut2.2_10mp_t512","apple-ciraw",3873,2582,10.00,353,0,0,0,221,893,6,1474,0.679,17842176,399846,44.62,10643,0.0996,0.0746,0.00358,1.0724,0.9004,54.17,0.8807,0.3426,53.80,49.18,52.65,53.74,0.349,0.415,yes,yes,0.1071,1.0707,0.8929,no,"com.adobe.raw-image",yes,"thumbnail drawn","",,"nominal","","CIRAWFilter native 4608x3072, neutral 3374 K / -11.0, scale 0.840 (setup 59 + render 288 ms)"
1,"_WEX4319.ARW","apple_linear_jxl-d2.0-e7-xyb_lut2.2_10mp_t512","apple-ciraw",3873,2582,10.00,346,0,0,0,188,820,10,1364,0.733,17842176,294323,60.62,10714,0.1772,0.0674,0.00340,1.1772,0.9606,50.85,0.8225,0.4214,50.32,46.10,49.41,50.36,0.438,0.499,yes,yes,0.1747,1.1747,0.9520,no,"com.adobe.raw-image",yes,"thumbnail drawn","",,"nominal","","CIRAWFilter native 4608x3072, neutral 3374 K / -11.0, scale 0.840 (setup 57 + render 276 ms)"
1,"_WEX4319.ARW","apple_linear_jxl-d1.0-e3-xyb_lut2.2_10mp_t512","apple-ciraw",3873,2582,10.00,304,0,0,0,146,166,24,640,1.562,17842176,337719,52.83,10977,0.2208,0.1672,0.00486,1.2208,0.9723,50.23,0.7929,0.5001,49.89,45.41,48.77,49.82,0.509,0.582,yes,yes,0.2164,1.2164,0.9614,no,"com.adobe.raw-image",yes,"thumbnail drawn","",,"nominal","","CIRAWFilter native 4608x3072, neutral 3374 K / -11.0, scale 0.840 (setup 61 + render 232 ms)"
1,"_WEX4319.ARW","apple_linear_jxl-d1.0-e5-xyb_lut2.2_10mp_t512","apple-ciraw",3873,2582,10.00,229,0,0,0,136,297,4,667,1.500,17842176,398436,44.78,11500,0.0985,0.0710,0.00363,1.0788,0.9015,53.74,0.8794,0.3627,53.41,48.79,52.24,53.33,0.365,0.434,yes,yes,0.1062,1.0771,0.8938,no,"com.adobe.raw-image",yes,"thumbnail drawn","",,"nominal","","CIRAWFilter native 4608x3072, neutral 3374 K / -11.0, scale 0.840 (setup 44 + render 178 ms)"
1,"_WEX4319.ARW","apple_linear_jxl-d0.5-e7-xyb_cubic0.10_10mp_t512","apple-ciraw",3873,2582,10.00,250,0,0,0,64,489,0,803,1.245,17842176,309402,57.67,11716,0.1805,0.1352,0.00379,0.8577,0.8195,64.85,0.9927,0.1282,63.99,59.99,63.33,64.30,0.131,0.168,yes,yes,0.1879,0.8560,0.8121,yes,"com.adobe.raw-image",yes,"thumbnail drawn","",,"nominal","","CIRAWFilter native 4608x3072, neutral 3374 K / -11.0, scale 0.840 (setup 43 + render 200 ms)"
1,"_WEX4319.ARW","apple_linear_jxl-d1.0-e7-rgb_linear_10mp_t512","apple-ciraw",3873,2582,10.00,270,0,0,0,43,380,1,694,1.442,17842176,244634,72.93,12048,0.0900,0.1065,0.00352,0.9190,0.9100,47.53,0.8775,0.3595,45.47,45.32,46.44,46.62,0.387,0.641,yes,yes,0.1039,0.9128,0.8961,yes,"com.adobe.raw-image",yes,"thumbnail drawn","",,"nominal","","CIRAWFilter native 4608x3072, neutral 3374 K / -11.0, scale 0.840 (setup 43 + render 221 ms)"
1,"_WEX4319.ARW","apple_linear_jpeg8-q0.90_cubic0.10_10mp_t512","apple-ciraw",3873,2582,10.00,261,0,0,0,77,6,1,344,2.909,17842176,594544,30.01,12539,0.1767,0.1456,0.00382,0.8233,0.9160,58.05,0.9619,0.2374,56.69,54.11,56.82,57.19,0.252,0.367,yes,yes,0.1819,0.8181,0.9028,yes,"com.adobe.raw-image",yes,"thumbnail drawn","",,"nominal","","CIRAWFilter native 4608x3072, neutral 3374 K / -11.0, scale 0.840 (setup 44 + render 210 ms) | ImageIO JPEG sampling 2x2,1x1,1x1"
1,"_WEX4319.ARW","apple_linear_hwjpeg-q0.90_cubic0.10_10mp_t512","apple-ciraw",3873,2582,10.00,261,0,0,0,53,16,1,331,3.022,17842176,520731,34.26,12971,0.2978,0.1943,0.00650,0.7797,0.7022,52.67,0.9259,0.3755,50.75,49.98,51.67,51.60,0.405,0.832,yes,yes,1.0000,0.0000,0.0000,yes,"com.adobe.raw-image",yes,"thumbnail drawn","",,"nominal","","CIRAWFilter native 4608x3072, neutral 3374 K / -11.0, scale 0.840 (setup 44 + render 210 ms) | VideoToolbox com.apple.videotoolbox.videoencoder.jpeg.ajpeg sampling 2x2,1x1,1x1"
1,"_WEX4319.ARW","libraw_cfa_lj92_keep_t512_be0.35","libraw-0.22.1-Release",4608,3072,14.16,178,0,0,0,0,38,11,227,4.411,17842176,11696734,1.53,12465,0.0608,0.0891,0.00329,0.9754,0.9785,54.04,0.9975,0.1388,,,,,,,,yes,0.0639,0.9687,0.9743,no,"com.adobe.raw-image",yes,"thumbnail drawn","",,"nominal","","LibRaw open 2 + unpack 170 + copy 2 ms; LibRaw visible area 4624×3080 at (0,0); camera crop 4608×3072 at +(44,30); black 512.0; maximum 16383 | BaselineExposure 0.35 written (source had none)"
1,"_WEX4319.ARW","libraw_cfa_jxl-lossless-e7_keep_t512_be0.35","libraw-0.22.1-Release",4608,3072,14.16,168,0,0,0,0,69,8,246,4.061,17842176,11305570,1.58,12431,0.0608,0.0891,0.00329,0.9754,0.9785,54.04,0.9975,0.1388,,,,,,,,yes,0.0639,0.9687,0.9743,no,"com.adobe.raw-image",yes,"thumbnail drawn","",,"nominal","","LibRaw open 0 + unpack 162 + copy 2 ms; LibRaw visible area 4624×3080 at (0,0); camera crop 4608×3072 at +(44,30); black 512.0; maximum 16383 | BaselineExposure 0.35 written (source had none)"
1,"_WEX4319.ARW","libraw_cfa_jxl-d0.5-e7-xyb_cubic0.10_keep_t512_be0.35","libraw-0.22.1-Release",4608,3072,14.16,170,0,0,0,36,374,1,582,1.720,17842176,742565,24.03,12574,0.1254,0.0840,0.00311,0.8746,1.0579,61.61,0.9569,0.1192,61.52,51.24,59.79,62.54,0.117,0.277,yes,yes,0.1313,0.8687,1.0540,no,"com.adobe.raw-image",yes,"thumbnail drawn","",,"nominal","","LibRaw open 0 + unpack 163 + copy 2 ms; LibRaw visible area 4624×3080 at (0,0); camera crop 4608×3072 at +(44,30); black 512.0; maximum 16383 | BaselineExposure 0.35 written (source had none)"
1,"_WEX4319.ARW","libraw_cfa_jxl-d1.0-e7-xyb_cubic0.10_keep_t512_be0.35","libraw-0.22.1-Release",4608,3072,14.16,171,0,0,0,35,420,1,627,1.594,17842176,329671,54.12,12647,0.2200,0.0902,0.00328,0.8251,1.2200,55.05,0.9273,0.2522,54.85,44.61,53.15,55.89,0.270,0.506,yes,yes,0.2066,0.8115,1.2066,no,"com.adobe.raw-image",yes,"thumbnail drawn","",,"nominal","","LibRaw open 0 + unpack 164 + copy 3 ms; LibRaw visible area 4624×3080 at (0,0); camera crop 4608×3072 at +(44,30); black 512.0; maximum 16383 | BaselineExposure 0.35 written (source had none)"
1,"_WEX4319.ARW","libraw_cfa_jxl-d0.5-e7-xyb_lut2.2_keep_t512_be0.35","libraw-0.22.1-Release",4608,3072,14.16,171,0,0,0,70,423,5,669,1.494,17842176,1165835,15.30,12677,37.0762,9.8886,0.27150,14.9518,38.0762,17.81,0.2614,4.2185,17.42,6.81,15.50,19.13,4.155,4.895,yes,yes,37.1061,14.9364,38.1061,no,"com.adobe.raw-image",yes,"thumbnail drawn","",,"nominal","","LibRaw open 0 + unpack 164 + copy 3 ms; LibRaw visible area 4624×3080 at (0,0); camera crop 4608×3072 at +(44,30); black 512.0; maximum 16383 | BaselineExposure 0.35 written (source had none)"
1,"_WEX4319.ARW","libraw_cfa_jxl-d1.0-e7-rgb_linear_keep_t512_be0.35","libraw-0.22.1-Release",4608,3072,14.16,222,0,0,0,0,729,1,953,1.050,17842176,183368,97.30,12708,0.2893,0.2024,0.00582,0.9235,1.2893,45.89,0.9146,0.8850,46.22,34.37,43.67,47.01,1.039,1.214,yes,yes,0.2733,0.9066,1.2733,no,"com.adobe.raw-image",yes,"thumbnail drawn","",,"nominal","","LibRaw open 0 + unpack 215 + copy 2 ms; LibRaw visible area 4624×3080 at (0,0); camera crop 4608×3072 at +(44,30); black 512.0; maximum 16383 | BaselineExposure 0.35 written (source had none)"
1,"_WEX4319.ARW","libraw_metal_linear_lj92_keep_t512_be0.35","libraw-0.22.1-Release",4608,3072,14.16,171,77,0,0,70,134,33,486,2.056,17842176,36350938,0.49,13380,0.0184,0.0414,0.00158,1.0133,0.9901,41.35,0.9570,0.3563,,,,,,,,yes,0.0244,0.9946,0.9796,no,"com.adobe.raw-image",yes,"thumbnail drawn","",,"nominal","","LibRaw open 0 + unpack 165 + copy 2 ms; LibRaw visible area 4624×3080 at (0,0); camera crop 4608×3072 at +(44,30); black 512.0; maximum 16383 | Metal upload 3 + metal 9 + resize 0 + readback 64 ms | BaselineExposure 0.35 written (source had none)"
1,"_WEX4319.ARW","libraw_metal_linear_lj92_10mp_t512_be0.35","libraw-0.22.1-Release",3873,2582,10.00,218,121,0,0,47,181,17,585,1.709,17842176,29798274,0.60,13499,0.0208,0.0417,0.00151,1.0145,0.9849,40.82,0.9543,0.3648,,,,,,,,yes,0.0169,1.0031,0.9843,no,"com.adobe.raw-image",yes,"thumbnail drawn","",,"nominal","","LibRaw open 0 + unpack 209 + copy 2 ms; LibRaw visible area 4624×3080 at (0,0); camera crop 4608×3072 at +(44,30); black 512.0; maximum 16383 | Metal upload 3 + metal 12 + resize 44 + readback 61 ms | BaselineExposure 0.35 written (source had none)"
1,"_WEX4319.ARW","libraw_metal_linear_jxl-d0.5-e7-xyb_lut2.2_keep_t512_be0.35","libraw-0.22.1-Release",4608,3072,14.16,216,123,0,0,283,1048,11,1682,0.595,17842176,1690125,10.56,13300,0.0249,0.0441,0.00154,1.0249,0.9833,61.81,0.9775,0.1270,63.53,47.75,58.98,63.72,0.106,0.229,yes,yes,0.0260,1.0073,0.9740,no,"com.adobe.raw-image",yes,"thumbnail drawn","",,"nominal","","LibRaw open 0 + unpack 207 + copy 5 ms; LibRaw visible area 4624×3080 at (0,0); camera crop 4608×3072 at +(44,30); black 512.0; maximum 16383 | Metal upload 3 + metal 21 + resize 0 + readback 96 ms | BaselineExposure 0.35 written (source had none)"
1,"_WEX4319.ARW","libraw_metal_linear_jxl-d0.5-e7-xyb_lut2.2_10mp_t512_be0.35","libraw-0.22.1-Release",3873,2582,10.00,232,93,0,0,184,926,11,1446,0.692,17842176,1216208,14.67,13362,0.0248,0.0371,0.00141,1.0226,0.9752,61.42,0.9785,0.1378,63.18,49.97,58.68,63.35,0.111,0.227,yes,yes,0.0228,1.0134,0.9772,no,"com.adobe.raw-image",yes,"thumbnail drawn","",,"nominal","","LibRaw open 0 + unpack 225 + copy 2 ms; LibRaw visible area 4624×3080 at (0,0); camera crop 4608×3072 at +(44,30); black 512.0; maximum 16383 | Metal upload 4 + metal 10 + resize 29 + readback 50 ms | BaselineExposure 0.35 written (source had none)"
1,"_WEX4319.ARW","libraw_metal_linear_jxl-d1.0-e7-xyb_lut2.2_10mp_t512_be0.35","libraw-0.22.1-Release",3873,2582,10.00,171,92,0,0,140,493,6,902,1.108,17842176,634152,28.14,13868,0.0362,0.0382,0.00143,1.0193,0.9638,57.59,0.9689,0.1688,58.85,46.63,54.80,59.47,0.142,0.280,yes,yes,0.0332,1.0127,0.9668,no,"com.adobe.raw-image",yes,"thumbnail drawn","",,"nominal","","LibRaw open 0 + unpack 164 + copy 3 ms; LibRaw visible area 4624×3080 at (0,0); camera crop 4608×3072 at +(44,30); black 512.0; maximum 16383 | Metal upload 3 + metal 9 + resize 36 + readback 42 ms | BaselineExposure 0.35 written (source had none)"
1,"_WEX4319.ARW","libraw_metal_linear_jxl-d2.0-e7-xyb_lut2.2_10mp_t512_be0.35","libraw-0.22.1-Release",3873,2582,10.00,193,109,0,0,133,463,6,905,1.105,17842176,375503,47.52,14104,0.0461,0.0376,0.00142,1.0179,0.9539,53.47,0.9624,0.2089,55.04,43.16,50.79,55.32,0.183,0.330,yes,yes,0.0427,1.0126,0.9573,no,"com.adobe.raw-image",yes,"thumbnail drawn","",,"nominal","","LibRaw open 0 + unpack 184 + copy 5 ms; LibRaw visible area 4624×3080 at (0,0); camera crop 4608×3072 at +(44,30); black 512.0; maximum 16383 | Metal upload 3 + metal 18 + resize 43 + readback 44 ms | BaselineExposure 0.35 written (source had none)"
1,"_WEX4319.ARW","libraw_metal_linear_jxl-d1.0-e3-xyb_lut2.2_10mp_t512_be0.35","libraw-0.22.1-Release",3873,2582,10.00,171,89,0,0,133,190,6,588,1.701,17842176,469637,37.99,14341,0.0237,0.0371,0.00136,1.0211,0.9763,57.54,0.9638,0.1976,58.70,46.44,54.81,59.35,0.170,0.316,yes,yes,0.0239,1.0150,0.9761,no,"com.adobe.raw-image",yes,"thumbnail drawn","",,"nominal","","LibRaw open 0 + unpack 163 + copy 3 ms; LibRaw visible area 4624×3080 at (0,0); camera crop 4608×3072 at +(44,30); black 512.0; maximum 16383 | Metal upload 3 + metal 9 + resize 27 + readback 49 ms | BaselineExposure 0.35 written (source had none)"
1,"_WEX4319.ARW","libraw_metal_linear_jxl-d1.0-e5-xyb_lut2.2_10mp_t512_be0.35","libraw-0.22.1-Release",3873,2582,10.00,171,107,0,0,142,307,6,734,1.363,17842176,629862,28.33,14492,0.0406,0.0377,0.00144,1.0197,0.9594,56.94,0.9689,0.1734,58.64,45.90,54.14,58.90,0.149,0.280,yes,yes,0.0364,1.0133,0.9636,no,"com.adobe.raw-image",yes,"thumbnail drawn","",,"nominal","","LibRaw open 0 + unpack 164 + copy 3 ms; LibRaw visible area 4624×3080 at (0,0); camera crop 4608×3072 at +(44,30); black 512.0; maximum 16383 | Metal upload 3 + metal 13 + resize 36 + readback 55 ms | BaselineExposure 0.35 written (source had none)"
1,"_WEX4319.ARW","libraw_metal_linear_jxl-d0.5-e7-xyb_cubic0.10_10mp_t512_be0.35","libraw-0.22.1-Release",3873,2582,10.00,172,101,0,0,60,454,3,791,1.265,17842176,620489,28.76,14703,0.0282,0.0453,0.00165,0.9989,0.9849,59.05,0.9674,0.1662,61.08,47.46,56.21,61.04,0.132,0.270,yes,yes,0.0214,0.9979,0.9885,yes,"com.adobe.raw-image",yes,"thumbnail drawn","",,"nominal","","LibRaw open 0 + unpack 164 + copy 3 ms; LibRaw visible area 4624×3080 at (0,0); camera crop 4608×3072 at +(44,30); black 512.0; maximum 16383 | Metal upload 3 + metal 12 + resize 32 + readback 54 ms | BaselineExposure 0.35 written (source had none)"
1,"_WEX4319.ARW","libraw_metal_linear_jxl-d1.0-e7-rgb_linear_10mp_t512_be0.35","libraw-0.22.1-Release",3873,2582,10.00,176,106,0,0,43,310,3,637,1.569,17842176,368056,48.48,15235,0.1818,0.0759,0.00268,1.1283,1.1818,48.64,0.8951,0.4022,47.75,39.81,47.10,49.52,0.369,0.721,yes,yes,0.1801,1.1136,1.1801,yes,"com.adobe.raw-image",yes,"thumbnail drawn","",,"nominal","","LibRaw open 0 + unpack 167 + copy 4 ms; LibRaw visible area 4624×3080 at (0,0); camera crop 4608×3072 at +(44,30); black 512.0; maximum 16383 | Metal upload 3 + metal 12 + resize 45 + readback 45 ms | BaselineExposure 0.35 written (source had none)"
1,"_WEX4319.ARW","libraw_bin2_linear_jxl-d1.0-e7-xyb_lut2.2_keep_t256_be0.35","libraw-0.22.1-Release",2304,1536,3.54,169,23,0,0,50,123,5,369,2.707,17842176,294366,60.61,15102,0.0319,0.0469,0.00184,1.0044,0.9681,40.08,0.9835,0.3917,38.16,31.51,38.69,40.74,0.405,0.842,yes,yes,0.0435,0.9891,0.9565,no,"com.adobe.raw-image",yes,"thumbnail drawn","",,"nominal","","LibRaw open 0 + unpack 161 + copy 3 ms; LibRaw visible area 4624×3080 at (0,0); camera crop 4608×3072 at +(44,30); black 512.0; maximum 16383 | Metal upload 3 + bin2 3 + resize 0 + readback 16 ms | BaselineExposure 0.35 written (source had none)"
1,"_WEX4319.ARW","libraw_metal_linear_jxl-d1.0-e7-xyb_lut2.2_10mp_t256_be0.35","libraw-0.22.1-Release",3873,2582,10.00,171,123,0,0,139,534,7,974,1.027,17842176,658688,27.09,15765,0.0363,0.0380,0.00143,1.0193,0.9637,57.49,0.9690,0.1694,58.77,46.56,54.70,59.37,0.142,0.281,yes,yes,0.0335,1.0127,0.9665,no,"com.adobe.raw-image",yes,"thumbnail drawn","",,"nominal","","LibRaw open 0 + unpack 164 + copy 2 ms; LibRaw visible area 4624×3080 at (0,0); camera crop 4608×3072 at +(44,30); black 512.0; maximum 16383 | Metal upload 3 + metal 20 + resize 50 + readback 50 ms | BaselineExposure 0.35 written (source had none)"
1,"_WEX4319.ARW","libraw-demosaic_linear_lj92_10mp_t512_be0.35","libraw-demosaic-q3",3875,2581,10.00,436,0,166,0,47,147,27,823,1.214,17842176,29691383,0.60,15577,0.0400,0.1501,0.00779,0.9930,1.0293,27.15,0.8355,1.8468,,,,,,,,yes,0.0571,0.9674,1.0119,no,"com.adobe.raw-image",yes,"thumbnail drawn","",,"nominal","","LibRaw process (q3) 196 ms + copy 31 ms | BaselineExposure 0.35 written (source had none)"
1,"_WEX4319.ARW","libraw-demosaic_linear_jxl-d1.0-e7-xyb_lut2.2_10mp_t512_be0.35","libraw-demosaic-q3",3875,2581,10.00,343,0,137,0,148,469,7,1105,0.905,17842176,630763,28.29,15749,0.0415,0.1479,0.00777,1.0003,1.0029,53.89,0.9538,0.2341,55.50,42.85,51.19,55.88,0.201,0.341,yes,yes,0.0548,0.9805,0.9919,no,"com.adobe.raw-image",yes,"thumbnail drawn","",,"nominal","","LibRaw process (q3) 161 ms + copy 11 ms | BaselineExposure 0.35 written (source had none)"
1,"_WEX4319.ARW","libraw_metal_linear_jpeg8-q0.90_cubic0.10_10mp_t512_be0.35","libraw-0.22.1-Release",3873,2582,10.00,173,114,0,0,46,7,4,344,2.908,17842176,1240654,14.38,15970,0.0954,0.0447,0.00171,0.9452,1.0954,54.18,0.9151,0.2553,54.88,44.52,51.93,55.74,0.205,0.572,yes,yes,0.0865,0.9367,1.0865,yes,"com.adobe.raw-image",yes,"thumbnail drawn","",,"nominal","","LibRaw open 0 + unpack 166 + copy 2 ms; LibRaw visible area 4624×3080 at (0,0); camera crop 4608×3072 at +(44,30); black 512.0; maximum 16383 | Metal upload 3 + metal 9 + resize 48 + readback 53 ms | ImageIO JPEG sampling 2x2,1x1,1x1 | BaselineExposure 0.35 written (source had none)"
1,"_WEX4319.ARW","libraw_metal_linear_hwjpeg-q0.90_cubic0.10_10mp_t512_be0.35","libraw-0.22.1-Release",3873,2582,10.00,172,95,0,0,47,19,3,335,2.981,17842176,1292563,13.80,16607,0.1411,0.1560,0.00401,1.1411,1.0385,51.20,0.8975,0.2481,51.03,43.48,50.30,51.35,0.223,0.724,yes,yes,1.0000,-0.0000,-0.0000,yes,"com.adobe.raw-image",yes,"thumbnail drawn","",,"nominal","","LibRaw open 0 + unpack 164 + copy 3 ms; LibRaw visible area 4624×3080 at (0,0); camera crop 4608×3072 at +(44,30); black 512.0; maximum 16383 | Metal upload 3 + metal 10 + resize 20 + readback 61 ms | VideoToolbox com.apple.videotoolbox.videoencoder.jpeg.ajpeg sampling 2x2,1x1,1x1 | BaselineExposure 0.35 written (source had none)"
1,"_WEX4319.ARW","libraw_metal_linear_jpeg8-q0.90_lut2.2_10mp_t512_be0.35","libraw-0.22.1-Release",3873,2582,10.00,172,131,0,0,140,7,172,622,1.608,17842176,1616675,11.04,17047,680.5748,127.0116,2.68945,624.4276,681.5748,-8.57,0.0463,7.7886,-9.23,-13.94,-11.28,-6.41,7.770,8.061,yes,yes,679.3170,623.2752,680.3170,no,"com.adobe.raw-image",yes,"thumbnail drawn","",,"nominal","","LibRaw open 0 + unpack 165 + copy 3 ms; LibRaw visible area 4624×3080 at (0,0); camera crop 4608×3072 at +(44,30); black 512.0; maximum 16383 | Metal upload 3 + metal 27 + resize 57 + readback 44 ms | ImageIO JPEG sampling 2x2,1x1,1x1 | BaselineExposure 0.35 written (source had none)"
2,"frame-00001.dng","native_cfa_lj92_keep_t512","native-lj92",4032,3024,12.19,38,0,0,0,0,31,6,75,13.351,17342115,17128667,1.01,16638,0.0000,0.0000,0.00000,1.0000,1.0000,99.00,1.0000,0.0000,,,,,,,,yes,0.0017,0.9987,0.9992,no,"com.adobe.raw-image",yes,"thumbnail drawn","",,"nominal","","native parse 19 ms + 192 LJ92 tiles 17 ms"
2,"frame-00001.dng","native_cfa_jxl-lossless-e7_keep_t512","native-lj92",4032,3024,12.19,20,0,0,0,0,50,10,81,12.369,17342115,15605826,1.11,16792,0.0000,0.0000,0.00000,1.0000,1.0000,99.00,1.0000,0.0000,,,,,,,,yes,0.0017,0.9987,0.9992,no,"com.adobe.raw-image",yes,"thumbnail drawn","",,"nominal","","native parse 2 ms + 192 LJ92 tiles 17 ms"
2,"frame-00001.dng","native_cfa_jxl-d0.5-e7-xyb_cubic0.10_keep_t512","native-lj92",4032,3024,12.19,22,0,0,0,30,348,2,402,2.487,17342115,1348744,12.86,16567,0.0174,0.0916,0.00569,0.9826,1.0094,42.09,0.9120,0.4549,42.52,41.33,41.44,42.73,0.427,0.469,yes,yes,0.0203,0.9797,1.0080,no,"com.adobe.raw-image",yes,"thumbnail drawn","",,"nominal","","native parse 2 ms + 192 LJ92 tiles 19 ms"
2,"frame-00001.dng","native_cfa_jxl-d1.0-e7-xyb_cubic0.10_keep_t512","native-lj92",4032,3024,12.19,19,0,0,0,28,358,1,406,2.462,17342115,766966,22.61,16622,0.0447,0.2548,0.01295,0.9653,1.0226,35.73,0.9049,0.5128,36.12,34.96,35.10,36.37,0.509,0.643,yes,yes,0.0417,0.9618,1.0211,no,"com.adobe.raw-image",yes,"thumbnail drawn","",,"nominal","","native parse 1 ms + 192 LJ92 tiles 16 ms"
2,"frame-00001.dng","native_cfa_jxl-d0.5-e7-xyb_lut2.2_keep_t512","native-lj92",4032,3024,12.19,21,0,0,0,55,335,6,416,2.403,17342115,1396656,12.42,16767,8.6110,30.0205,1.97758,4.3975,5.7782,0.88,0.4869,3.6967,0.96,-0.70,0.01,1.77,3.705,3.714,yes,yes,8.6202,4.3987,5.7838,no,"com.adobe.raw-image",yes,"thumbnail drawn","",,"nominal","","native parse 1 ms + 192 LJ92 tiles 18 ms"
2,"frame-00001.dng","native_cfa_jxl-d1.0-e7-rgb_linear_keep_t512","native-lj92",4032,3024,12.19,23,0,0,0,0,420,127,570,1.755,17342115,1537566,11.28,16836,0.0974,0.4047,0.03460,1.0613,0.9784,31.49,0.8860,0.7826,31.49,30.79,30.63,32.33,0.771,0.848,yes,yes,0.1040,1.0578,0.9753,no,"com.adobe.raw-image",yes,"thumbnail drawn","",,"nominal","","native parse 1 ms + 192 LJ92 tiles 20 ms"
2,"frame-00001.dng","native_metal_linear_lj92_keep_t512","native-lj92",4032,3024,12.19,41,101,0,0,109,227,51,529,1.892,17342115,35967747,0.48,17225,0.0053,0.0587,0.00350,1.0053,1.0021,38.87,0.9899,0.2286,,,,,,,,yes,0.0036,1.0036,1.0014,no,"com.adobe.raw-image",yes,"thumbnail drawn","",,"nominal","","native parse 1 ms + 192 LJ92 tiles 38 ms | Metal upload 3 + metal 8 + resize 0 + readback 89 ms"
2,"frame-00001.dng","native_metal_linear_lj92_8mp_t512","native-lj92",3266,2449,8.00,43,130,0,0,39,197,37,448,2.234,17342115,24850280,0.70,17487,0.0052,0.0598,0.00340,1.0052,1.0020,38.01,0.9864,0.2560,,,,,,,,yes,0.0042,0.9979,0.9958,no,"com.adobe.raw-image",yes,"thumbnail drawn","",,"nominal","","native parse 2 ms + 192 LJ92 tiles 39 ms | Metal upload 4 + metal 13 + resize 39 + readback 69 ms"
2,"frame-00001.dng","native_metal_linear_jxl-d0.5-e7-xyb_lut2.2_keep_t512","native-lj92",4032,3024,12.19,34,104,0,0,347,1621,15,2122,0.471,17342115,1767458,9.81,17008,0.0066,0.0627,0.00432,1.0066,1.0026,52.30,0.9878,0.1321,52.78,50.71,51.37,53.21,0.138,0.124,yes,yes,0.0047,1.0047,1.0017,no,"com.adobe.raw-image",yes,"thumbnail drawn","",,"nominal","","native parse 2 ms + 192 LJ92 tiles 30 ms | Metal upload 4 + metal 15 + resize 0 + readback 86 ms"
2,"frame-00001.dng","native_metal_linear_jxl-d0.5-e7-xyb_lut2.2_8mp_t512","native-lj92",3266,2449,8.00,51,121,0,0,199,2758,43,3172,0.315,17342115,1300764,13.33,17180,0.0076,0.0815,0.00483,1.0076,1.0032,48.84,0.9786,0.1808,49.22,47.32,47.90,49.76,0.186,0.168,yes,yes,0.0046,0.9999,0.9967,no,"com.adobe.raw-image",yes,"thumbnail drawn","",,"nominal","","native parse 2 ms + 192 LJ92 tiles 44 ms | Metal upload 4 + metal 9 + resize 22 + readback 76 ms"
2,"frame-00001.dng","native_metal_linear_jxl-d1.0-e7-xyb_lut2.2_8mp_t512","native-lj92",3266,2449,8.00,28,67,0,0,124,901,14,1134,0.882,17342115,819086,21.17,17541,0.0078,0.0884,0.00505,1.0078,1.0037,45.80,0.9688,0.2273,46.10,44.40,44.87,46.71,0.233,0.213,yes,yes,0.0047,1.0000,0.9970,no,"com.adobe.raw-image",yes,"thumbnail drawn","",,"nominal","","native parse 2 ms + 192 LJ92 tiles 24 ms | Metal upload 3 + metal 8 + resize 16 + readback 40 ms"
2,"frame-00001.dng","native_metal_linear_jxl-d2.0-e7-xyb_lut2.2_8mp_t512","native-lj92",3266,2449,8.00,33,90,0,0,140,769,9,1041,0.960,17342115,543251,31.92,17899,0.0083,0.1078,0.00573,1.0083,1.0041,42.82,0.9559,0.2781,43.00,41.69,41.91,43.71,0.288,0.259,yes,yes,0.0044,1.0002,0.9974,no,"com.adobe.raw-image",yes,"thumbnail drawn","",,"nominal","","native parse 2 ms + 192 LJ92 tiles 29 ms | Metal upload 3 + metal 8 + resize 17 + readback 61 ms"
2,"frame-00001.dng","native_metal_linear_jxl-d1.0-e3-xyb_lut2.2_8mp_t512","native-lj92",3266,2449,8.00,99,121,0,0,161,229,8,618,1.619,17342115,733414,23.65,17743,0.0077,0.1038,0.00519,1.0077,1.0055,43.46,0.9583,0.2604,44.04,41.86,42.55,44.36,0.266,0.239,yes,yes,0.0054,0.9991,0.9980,no,"com.adobe.raw-image",yes,"thumbnail drawn","",,"nominal","","native parse 5 ms + 192 LJ92 tiles 31 ms | Metal upload 3 + metal 20 + resize 30 + readback 66 ms"
2,"frame-00001.dng","native_metal_linear_jxl-d1.0-e5-xyb_lut2.2_8mp_t512","native-lj92",3266,2449,8.00,92,65,0,0,118,342,9,627,1.596,17342115,815228,21.27,17953,0.0078,0.0889,0.00507,1.0078,1.0036,45.81,0.9690,0.2263,46.12,44.39,44.87,46.72,0.231,0.212,yes,yes,0.0048,0.9999,0.9970,no,"com.adobe.raw-image",yes,"thumbnail drawn","",,"nominal","","native parse 2 ms + 192 LJ92 tiles 24 ms | Metal upload 3 + metal 18 + resize 12 + readback 31 ms"
2,"frame-00001.dng","native_metal_linear_jxl-d0.5-e7-xyb_cubic0.10_8mp_t512","native-lj92",3266,2449,8.00,114,109,0,0,55,705,4,987,1.013,17342115,1127312,15.38,18446,0.0063,0.0844,0.00287,1.0043,1.0016,50.00,0.9792,0.2222,50.60,48.08,49.06,50.91,0.220,0.216,yes,yes,0.0048,0.9970,0.9952,yes,"com.adobe.raw-image",yes,"thumbnail drawn","",,"nominal","","native parse 2 ms + 192 LJ92 tiles 32 ms | Metal upload 3 + metal 39 + resize 21 + readback 46 ms"
2,"frame-00001.dng","native_metal_linear_jxl-d1.0-e7-rgb_linear_8mp_t512","native-lj92",3266,2449,8.00,206,70,0,0,29,426,3,734,1.362,17342115,742743,23.35,18654,0.0081,0.0892,0.00356,1.0074,1.0031,43.03,0.9332,0.4022,43.25,41.54,42.07,43.94,0.408,0.422,yes,yes,0.0039,0.9988,0.9961,yes,"com.adobe.raw-image",yes,"thumbnail drawn","",,"nominal","","native parse 4 ms + 192 LJ92 tiles 31 ms | Metal upload 3 + metal 10 + resize 23 + readback 34 ms"
2,"frame-00001.dng","native_bin2_linear_jxl-d1.0-e7-xyb_lut2.2_keep_t256","native-lj92",2016,1512,3.05,25,17,0,0,40,131,5,219,4.566,17342115,444457,39.02,19079,0.0081,0.0692,0.00291,1.0038,1.0028,36.98,0.9656,0.3340,37.32,35.26,36.01,37.89,0.338,0.324,yes,yes,0.0019,1.0001,1.0006,no,"com.adobe.raw-image",yes,"thumbnail drawn","",,"nominal","","native parse 2 ms + 192 LJ92 tiles 21 ms | Metal upload 3 + bin2 3 + resize 0 + readback 11 ms"
2,"frame-00001.dng","native_metal_linear_jxl-d1.0-e7-xyb_lut2.2_8mp_t256","native-lj92",3266,2449,8.00,31,85,0,0,110,373,8,607,1.648,17342115,843412,20.56,19175,0.0078,0.0886,0.00506,1.0078,1.0037,45.78,0.9689,0.2276,46.09,44.38,44.85,46.69,0.232,0.213,yes,yes,0.0048,0.9999,0.9970,no,"com.adobe.raw-image",yes,"thumbnail drawn","",,"nominal","","native parse 3 ms + 192 LJ92 tiles 26 ms | Metal upload 3 + metal 9 + resize 17 + readback 56 ms"
2,"frame-00001.dng","native_metal_linear_jpeg8-q0.90_cubic0.10_8mp_t512","native-lj92",3266,2449,8.00,112,73,0,0,55,16,2,259,3.868,17342115,1537489,11.28,19372,0.0186,0.1780,0.01004,0.9941,1.0140,43.52,0.9434,0.3588,44.09,42.24,42.68,44.33,0.357,0.346,yes,yes,0.0130,0.9870,1.0059,yes,"com.adobe.raw-image",yes,"thumbnail drawn","",,"nominal","","native parse 2 ms + 192 LJ92 tiles 54 ms | Metal upload 3 + metal 10 + resize 23 + readback 35 ms | ImageIO JPEG sampling 2x2,1x1,1x1"
2,"frame-00001.dng","native_metal_linear_hwjpeg-q0.90_cubic0.10_8mp_t512","native-lj92",3266,2449,8.00,32,85,0,0,45,176,2,340,2.939,17342115,1593047,10.89,19838,0.1492,0.3043,0.08117,1.1492,0.9572,32.59,0.9475,0.3432,32.45,33.78,32.40,32.79,0.345,0.352,yes,yes,1.0000,0.0000,0.0000,yes,"com.adobe.raw-image",yes,"thumbnail drawn","",,"nominal","","native parse 4 ms + 192 LJ92 tiles 26 ms | Metal upload 3 + metal 9 + resize 17 + readback 55 ms | VideoToolbox com.apple.videotoolbox.videoencoder.jpeg.ajpeg sampling 2x2,1x1,1x1"
2,"frame-00001.dng","native_metal_linear_jpeg8-q0.90_lut2.2_8mp_t512","native-lj92",3266,2449,8.00,138,83,0,0,246,28,5,500,1.999,17342115,1523028,11.39,20119,54.3182,247.4960,4.99875,39.5590,24.9279,-13.73,0.1589,6.2328,-13.74,-13.68,-13.70,-13.75,6.248,6.194,yes,yes,54.0531,39.3388,24.8084,no,"com.adobe.raw-image",yes,"thumbnail drawn","",,"nominal","","native parse 2 ms + 192 LJ92 tiles 133 ms | Metal upload 5 + metal 16 + resize 20 + readback 42 ms | ImageIO JPEG sampling 2x2,1x1,1x1"
2,"frame-00001.dng","apple_linear_lj92_keep_t512","apple-ciraw",4032,3024,12.19,175,0,0,0,56,224,24,479,2.087,17342115,34982546,0.50,20290,0.0826,0.4011,0.01825,0.9432,0.9649,35.75,0.9790,0.5501,,,,,,,,yes,0.0850,0.9418,0.9642,no,"com.adobe.raw-image",yes,"thumbnail drawn","",,"nominal","","CIRAWFilter native 4032x3024, neutral 5469 K / 3.4, scale 1.000 (setup 29 + render 142 ms)"
2,"frame-00001.dng","apple_linear_jxl-d1.0-e7-xyb_lut2.2_8mp_t512","apple-ciraw",3266,2450,8.00,236,0,0,0,221,1427,7,1899,0.527,17342115,804868,21.55,20509,0.0825,0.3644,0.01954,0.9492,0.9663,28.83,0.8156,0.7113,21.81,14.91,27.70,24.74,0.732,0.816,yes,yes,0.0889,0.9435,0.9609,no,"com.adobe.raw-image",yes,"thumbnail drawn","",,"nominal","","CIRAWFilter native 4032x3024, neutral 5469 K / 3.4, scale 0.810 (setup 25 + render 207 ms)"
2,"frame-00100.dng","native_cfa_lj92_keep_t512","native-lj92",4032,3024,12.19,66,0,0,0,0,62,20,148,6.748,17317196,17102886,1.01,19830,0.0000,0.0000,0.00000,1.0000,1.0000,99.00,1.0000,0.0000,,,,,,,,yes,0.0016,0.9989,0.9994,no,"com.adobe.raw-image",yes,"thumbnail drawn","",,"nominal","","native parse 18 ms + 192 LJ92 tiles 46 ms"
2,"frame-00100.dng","native_cfa_jxl-lossless-e7_keep_t512","native-lj92",4032,3024,12.19,23,0,0,0,0,69,15,107,9.369,17317196,15591279,1.11,20069,0.0000,0.0000,0.00000,1.0000,1.0000,99.00,1.0000,0.0000,,,,,,,,yes,0.0016,0.9989,0.9994,no,"com.adobe.raw-image",yes,"thumbnail drawn","",,"nominal","","native parse 1 ms + 192 LJ92 tiles 20 ms"
2,"frame-00100.dng","native_cfa_jxl-d0.5-e7-xyb_cubic0.10_keep_t512","native-lj92",4032,3024,12.19,36,0,0,0,33,647,2,718,1.393,17317196,1293781,13.38,20107,0.0170,0.0879,0.00598,0.9830,1.0096,41.99,0.9121,0.4520,42.42,41.19,41.33,42.64,0.428,0.469,yes,yes,0.0197,0.9803,1.0084,no,"com.adobe.raw-image",yes,"thumbnail drawn","",,"nominal","","native parse 2 ms + 192 LJ92 tiles 32 ms"
2,"frame-00100.dng","native_cfa_jxl-d1.0-e7-xyb_cubic0.10_keep_t512","native-lj92",4032,3024,12.19,33,0,0,0,36,570,1,640,1.563,17317196,727724,23.80,19800,0.0429,0.2315,0.01292,0.9667,1.0227,35.65,0.9055,0.5077,36.04,34.84,35.01,36.30,0.506,0.637,yes,yes,0.0397,0.9634,1.0213,no,"com.adobe.raw-image",yes,"thumbnail drawn","",,"nominal","","native parse 1 ms + 192 LJ92 tiles 30 ms"
2,"frame-00100.dng","native_cfa_jxl-d0.5-e7-xyb_lut2.2_keep_t512","native-lj92",4032,3024,12.19,25,0,0,0,61,399,7,491,2.036,17317196,1343002,12.89,20331,8.4159,29.0950,1.98939,4.3501,5.7718,0.85,0.4871,3.6982,0.93,-0.73,-0.02,1.75,3.706,3.713,yes,yes,8.4244,4.3513,5.7775,no,"com.adobe.raw-image",yes,"thumbnail drawn","",,"nominal","","native parse 1 ms + 192 LJ92 tiles 22 ms"
2,"frame-00100.dng","native_cfa_jxl-d1.0-e7-rgb_linear_keep_t512","native-lj92",4032,3024,12.19,26,0,0,0,0,645,1,673,1.487,17317196,1494196,11.59,20360,0.0933,0.3641,0.03470,1.0596,0.9775,31.52,0.8894,0.7773,31.53,30.80,30.65,32.36,0.764,0.834,yes,yes,0.0994,1.0563,0.9747,no,"com.adobe.raw-image",yes,"thumbnail drawn","",,"nominal","","native parse 1 ms + 192 LJ92 tiles 24 ms"
2,"frame-00100.dng","native_metal_linear_lj92_keep_t512","native-lj92",4032,3024,12.19,30,67,0,0,70,157,27,351,2.846,17317196,35625850,0.49,20408,0.0048,0.0490,0.00298,1.0048,1.0023,39.38,0.9906,0.2156,,,,,,,,yes,0.0034,1.0034,1.0017,no,"com.adobe.raw-image",yes,"thumbnail drawn","",,"nominal","","native parse 2 ms + 192 LJ92 tiles 26 ms | Metal upload 3 + metal 9 + resize 0 + readback 55 ms"
2,"frame-00100.dng","native_metal_linear_lj92_8mp_t512","native-lj92",3266,2449,8.00,28,64,0,0,28,82,10,212,4.715,17317196,24641291,0.70,20577,0.0047,0.0479,0.00288,1.0047,1.0022,38.61,0.9875,0.2374,,,,,,,,yes,0.0039,0.9978,0.9961,no,"com.adobe.raw-image",yes,"thumbnail drawn","",,"nominal","","native parse 2 ms + 192 LJ92 tiles 23 ms | Metal upload 3 + metal 8 + resize 18 + readback 34 ms"
2,"frame-00100.dng","native_metal_linear_jxl-d0.5-e7-xyb_lut2.2_keep_t512","native-lj92",4032,3024,12.19,29,110,0,0,188,627,16,970,1.031,17317196,1687100,10.26,20483,0.0059,0.0611,0.00345,1.0059,1.0027,52.76,0.9890,0.1198,53.28,51.16,51.83,53.66,0.124,0.111,yes,yes,0.0043,1.0043,1.0020,no,"com.adobe.raw-image",yes,"thumbnail drawn","",,"nominal","","native parse 2 ms + 192 LJ92 tiles 24 ms | Metal upload 3 + metal 30 + resize 0 + readback 77 ms"
2,"frame-00100.dng","native_metal_linear_jxl-d0.5-e7-xyb_lut2.2_8mp_t512","native-lj92",3266,2449,8.00,26,77,0,0,123,401,10,638,1.567,17317196,1246578,13.89,20627,0.0065,0.0764,0.00386,1.0065,1.0031,49.46,0.9799,0.1661,49.86,47.95,48.52,50.37,0.170,0.153,yes,yes,0.0037,0.9992,0.9968,no,"com.adobe.raw-image",yes,"thumbnail drawn","",,"nominal","","native parse 1 ms + 192 LJ92 tiles 23 ms | Metal upload 3 + metal 8 + resize 16 + readback 49 ms"
2,"frame-00100.dng","native_metal_linear_jxl-d1.0-e7-xyb_lut2.2_8mp_t512","native-lj92",3266,2449,8.00,26,80,0,0,125,416,12,659,1.517,17317196,789266,21.94,20867,0.0066,0.0815,0.00392,1.0066,1.0036,46.39,0.9710,0.2101,46.71,44.98,45.45,47.29,0.213,0.195,yes,yes,0.0037,0.9992,0.9972,no,"com.adobe.raw-image",yes,"thumbnail drawn","",,"nominal","","native parse 1 ms + 192 LJ92 tiles 23 ms | Metal upload 3 + metal 12 + resize 18 + readback 47 ms"
2,"frame-00100.dng","native_metal_linear_jxl-d2.0-e7-xyb_lut2.2_8mp_t512","native-lj92",3266,2449,8.00,28,90,0,0,117,318,10,563,1.778,17317196,527901,32.80,21036,0.0071,0.1020,0.00448,1.0071,1.0041,43.34,0.9586,0.2583,43.52,42.22,42.42,44.22,0.264,0.240,yes,yes,0.0032,0.9996,0.9977,no,"com.adobe.raw-image",yes,"thumbnail drawn","",,"nominal","","native parse 4 ms + 192 LJ92 tiles 23 ms | Metal upload 3 + metal 9 + resize 41 + readback 36 ms"
2,"frame-00100.dng","native_metal_linear_jxl-d1.0-e3-xyb_lut2.2_8mp_t512","native-lj92",3266,2449,8.00,28,78,0,0,127,121,6,360,2.775,17317196,699387,24.76,21254,0.0158,0.0998,0.04051,1.0134,1.0158,43.67,0.9609,0.2488,44.25,42.11,42.76,44.56,0.251,0.227,yes,yes,0.0084,1.0052,1.0084,no,"com.adobe.raw-image",yes,"thumbnail drawn","",,"nominal","","native parse 1 ms + 192 LJ92 tiles 25 ms | Metal upload 3 + metal 8 + resize 20 + readback 45 ms"
2,"frame-00100.dng","native_metal_linear_jxl-d1.0-e5-xyb_lut2.2_8mp_t512","native-lj92",3266,2449,8.00,20,72,0,0,126,247,7,471,2.123,17317196,785917,22.03,21464,0.0066,0.0817,0.00393,1.0066,1.0036,46.40,0.9711,0.2103,46.73,44.99,45.46,47.30,0.212,0.192,yes,yes,0.0037,0.9992,0.9972,no,"com.adobe.raw-image",yes,"thumbnail drawn","",,"nominal","","native parse 1 ms + 192 LJ92 tiles 17 ms | Metal upload 2 + metal 8 + resize 15 + readback 46 ms"
2,"frame-00100.dng","native_metal_linear_jxl-d0.5-e7-xyb_cubic0.10_8mp_t512","native-lj92",3266,2449,8.00,33,88,0,0,66,777,6,969,1.032,17317196,1078298,16.06,21759,0.0056,0.0574,0.00269,1.0041,1.0019,50.52,0.9804,0.2070,51.13,48.66,49.59,51.43,0.206,0.201,yes,yes,0.0045,0.9970,0.9955,yes,"com.adobe.raw-image",yes,"thumbnail drawn","",,"nominal","","native parse 1 ms + 192 LJ92 tiles 29 ms | Metal upload 4 + metal 10 + resize 21 + readback 52 ms"
2,"frame-00100.dng","native_metal_linear_jxl-d1.0-e7-rgb_linear_8mp_t512","native-lj92",3266,2449,8.00,22,76,0,0,28,276,2,404,2.472,17317196,709143,24.42,22155,0.0078,0.1020,0.00328,1.0071,1.0033,43.48,0.9355,0.3940,43.74,41.93,42.53,44.39,0.399,0.413,yes,yes,0.0036,0.9988,0.9964,yes,"com.adobe.raw-image",yes,"thumbnail drawn","",,"nominal","","native parse 4 ms + 192 LJ92 tiles 17 ms | Metal upload 3 + metal 8 + resize 22 + readback 42 ms"
2,"frame-00100.dng","native_bin2_linear_jxl-d1.0-e7-xyb_lut2.2_keep_t256","native-lj92",2016,1512,3.05,21,17,0,0,36,121,5,200,4.988,17317196,433268,39.97,22235,0.0078,0.0673,0.00259,1.0035,1.0028,37.39,0.9678,0.3202,37.68,35.78,36.43,38.29,0.326,0.309,yes,yes,0.0021,1.0002,1.0008,no,"com.adobe.raw-image",yes,"thumbnail drawn","",,"nominal","","native parse 1 ms + 192 LJ92 tiles 18 ms | Metal upload 2 + bin2 2 + resize 0 + readback 12 ms"
2,"frame-00100.dng","native_metal_linear_jxl-d1.0-e7-xyb_lut2.2_8mp_t256","native-lj92",3266,2449,8.00,21,58,0,0,123,336,7,546,1.831,17317196,810524,21.37,22850,0.0066,0.0815,0.00394,1.0066,1.0037,46.36,0.9710,0.2103,46.69,44.96,45.43,47.27,0.214,0.195,yes,yes,0.0037,0.9992,0.9973,no,"com.adobe.raw-image",yes,"thumbnail drawn","",,"nominal","","native parse 1 ms + 192 LJ92 tiles 19 ms | Metal upload 3 + metal 9 + resize 15 + readback 31 ms"
2,"frame-00100.dng","native_metal_linear_jpeg8-q0.90_cubic0.10_8mp_t512","native-lj92",3266,2449,8.00,20,68,0,0,46,6,3,142,7.053,17317196,1483727,11.67,22985,0.0174,0.1370,0.00898,0.9945,1.0128,43.79,0.9428,0.3568,44.35,42.57,42.96,44.61,0.353,0.338,yes,yes,0.0125,0.9875,1.0048,yes,"com.adobe.raw-image",yes,"thumbnail drawn","",,"nominal","","native parse 1 ms + 192 LJ92 tiles 17 ms | Metal upload 3 + metal 7 + resize 16 + readback 41 ms | ImageIO JPEG sampling 2x2,1x1,1x1"
2,"frame-00100.dng","native_metal_linear_hwjpeg-q0.90_cubic0.10_8mp_t512","native-lj92",3266,2449,8.00,30,89,0,0,70,100,2,291,3.438,17317196,1534689,11.28,23265,0.1485,0.2641,0.08404,1.1485,0.9566,32.49,0.9408,0.3352,32.35,33.66,32.30,32.69,0.335,0.346,yes,yes,1.0000,0.0000,0.0000,yes,"com.adobe.raw-image",yes,"thumbnail drawn","",,"nominal","","native parse 3 ms + 192 LJ92 tiles 25 ms | Metal upload 6 + metal 8 + resize 26 + readback 48 ms | VideoToolbox com.apple.videotoolbox.videoencoder.jpeg.ajpeg sampling 2x2,1x1,1x1"
2,"frame-00100.dng","native_metal_linear_jpeg8-q0.90_lut2.2_8mp_t512","native-lj92",3266,2449,8.00,47,96,0,0,159,9,3,314,3.183,17317196,1475829,11.73,23730,52.8109,231.4835,4.99875,38.9902,24.8981,-13.68,0.1569,6.2097,-13.73,-13.68,-13.70,-13.75,6.241,6.188,yes,yes,52.5531,38.7731,24.7788,no,"com.adobe.raw-image",yes,"thumbnail drawn","",,"nominal","","native parse 4 ms + 192 LJ92 tiles 41 ms | Metal upload 3 + metal 10 + resize 20 + readback 62 ms | ImageIO JPEG sampling 2x2,1x1,1x1"
2,"frame-00100.dng","apple_linear_lj92_keep_t512","apple-ciraw",4032,3024,12.19,138,0,0,0,73,117,39,367,2.728,17317196,34694423,0.50,24280,0.0810,0.3829,0.01821,0.9437,0.9653,36.04,0.9794,0.5431,,,,,,,,yes,0.0830,0.9425,0.9647,no,"com.adobe.raw-image",yes,"thumbnail drawn","",,"nominal","","CIRAWFilter native 4032x3024, neutral 5469 K / 3.4, scale 1.000 (setup 21 + render 114 ms)"
2,"frame-00100.dng","apple_linear_jxl-d1.0-e7-xyb_lut2.2_8mp_t512","apple-ciraw",3266,2450,8.00,113,0,0,0,129,454,7,703,1.422,17317196,777910,22.26,24513,0.0806,0.3408,0.01949,0.9496,0.9667,28.98,0.8182,0.6988,21.68,14.82,27.83,24.69,0.720,0.805,yes,yes,0.0865,0.9443,0.9617,no,"com.adobe.raw-image",yes,"thumbnail drawn","",,"nominal","","CIRAWFilter native 4032x3024, neutral 5469 K / 3.4, scale 0.810 (setup 23 + render 87 ms)"
2,"frame-00207.dng","native_cfa_lj92_keep_t512","native-lj92",4032,3024,12.19,37,0,0,0,0,33,12,82,12.136,17321597,17092776,1.01,23682,0.0000,0.0000,0.00000,1.0000,1.0000,99.00,1.0000,0.0000,,,,,,,,yes,0.0017,0.9988,0.9992,no,"com.adobe.raw-image",yes,"thumbnail drawn","",,"nominal","","native parse 18 ms + 192 LJ92 tiles 17 ms"
2,"frame-00207.dng","native_cfa_jxl-lossless-e7_keep_t512","native-lj92",4032,3024,12.19,20,0,0,0,0,50,10,79,12.631,17321597,15592127,1.11,23625,0.0000,0.0000,0.00000,1.0000,1.0000,99.00,1.0000,0.0000,,,,,,,,yes,0.0017,0.9988,0.9992,no,"com.adobe.raw-image",yes,"thumbnail drawn","",,"nominal","","native parse 2 ms + 192 LJ92 tiles 16 ms"
2,"frame-00207.dng","native_cfa_jxl-d0.5-e7-xyb_cubic0.10_keep_t512","native-lj92",4032,3024,12.19,21,0,0,0,31,376,2,430,2.323,17321597,1340992,12.92,23611,0.0172,0.0911,0.00695,0.9828,1.0096,41.88,0.9148,0.4527,42.32,41.19,41.24,42.53,0.423,0.468,yes,yes,0.0201,0.9799,1.0083,no,"com.adobe.raw-image",yes,"thumbnail drawn","",,"nominal","","native parse 2 ms + 192 LJ92 tiles 18 ms"
2,"frame-00207.dng","native_cfa_jxl-d1.0-e7-xyb_cubic0.10_keep_t512","native-lj92",4032,3024,12.19,20,0,0,0,29,366,2,416,2.402,17321597,761467,22.75,23685,0.0430,0.2431,0.01318,0.9661,1.0229,35.65,0.9072,0.5107,36.04,34.90,35.02,36.30,0.507,0.639,yes,yes,0.0400,0.9627,1.0214,no,"com.adobe.raw-image",yes,"thumbnail drawn","",,"nominal","","native parse 1 ms + 192 LJ92 tiles 17 ms"
2,"frame-00207.dng","native_cfa_jxl-d0.5-e7-xyb_lut2.2_keep_t512","native-lj92",4032,3024,12.19,21,0,0,0,64,480,9,574,1.742,17321597,1393931,12.43,23763,8.3640,30.8017,2.00058,4.3198,5.7264,0.85,0.4856,3.6969,0.93,-0.72,-0.02,1.75,3.701,3.718,yes,yes,8.3725,4.3209,5.7318,no,"com.adobe.raw-image",yes,"thumbnail drawn","",,"nominal","","native parse 1 ms + 192 LJ92 tiles 18 ms"
2,"frame-00207.dng","native_cfa_jxl-d1.0-e7-rgb_linear_keep_t512","native-lj92",4032,3024,12.19,20,0,0,0,0,385,4,409,2.443,17321597,1536505,11.27,23782,0.0934,0.4209,0.03543,1.0601,0.9779,31.41,0.8893,0.7806,31.41,30.71,30.54,32.25,0.767,0.841,yes,yes,0.0999,1.0566,0.9747,no,"com.adobe.raw-image",yes,"thumbnail drawn","",,"nominal","","native parse 1 ms + 192 LJ92 tiles 17 ms"
2,"frame-00207.dng","native_metal_linear_lj92_keep_t512","native-lj92",4032,3024,12.19,21,59,0,0,64,123,37,304,3.293,17321597,35897639,0.48,24170,0.0051,0.0560,0.00340,1.0051,1.0021,38.92,0.9899,0.2286,,,,,,,,yes,0.0036,1.0036,1.0015,no,"com.adobe.raw-image",yes,"thumbnail drawn","",,"nominal","","native parse 1 ms + 192 LJ92 tiles 18 ms | Metal upload 3 + metal 8 + resize 0 + readback 47 ms"
2,"frame-00207.dng","native_metal_linear_lj92_8mp_t512","native-lj92",3266,2449,8.00,26,59,0,0,36,87,21,228,4.380,17321597,24825434,0.70,24457,0.0051,0.0533,0.00321,1.0051,1.0020,38.07,0.9865,0.2496,,,,,,,,yes,0.0040,0.9980,0.9960,no,"com.adobe.raw-image",yes,"thumbnail drawn","",,"nominal","","native parse 1 ms + 192 LJ92 tiles 23 ms | Metal upload 3 + metal 8 + resize 16 + readback 31 ms"
2,"frame-00207.dng","native_metal_linear_jxl-d0.5-e7-xyb_lut2.2_keep_t512","native-lj92",4032,3024,12.19,19,62,0,0,159,536,12,788,1.269,17321597,1764361,9.82,24293,0.0064,0.0598,0.00412,1.0064,1.0026,52.22,0.9880,0.1308,52.72,50.69,51.30,53.12,0.135,0.122,yes,yes,0.0046,1.0046,1.0018,no,"com.adobe.raw-image",yes,"thumbnail drawn","",,"nominal","","native parse 1 ms + 192 LJ92 tiles 16 ms | Metal upload 2 + metal 8 + resize 0 + readback 51 ms"
2,"frame-00207.dng","native_metal_linear_jxl-d0.5-e7-xyb_lut2.2_8mp_t512","native-lj92",3266,2449,8.00,18,55,0,0,99,336,7,516,1.937,17321597,1299839,13.33,24516,0.0072,0.0757,0.00448,1.0072,1.0031,48.87,0.9787,0.1800,49.26,47.38,47.94,49.78,0.182,0.166,yes,yes,0.0042,0.9998,0.9968,no,"com.adobe.raw-image",yes,"thumbnail drawn","",,"nominal","","native parse 1 ms + 192 LJ92 tiles 15 ms | Metal upload 3 + metal 8 + resize 15 + readback 29 ms"
2,"frame-00207.dng","native_metal_linear_jxl-d1.0-e7-xyb_lut2.2_8mp_t512","native-lj92",3266,2449,8.00,19,57,0,0,113,317,9,515,1.942,17321597,819181,21.15,24716,0.0074,0.0854,0.00475,1.0074,1.0036,45.88,0.9695,0.2274,46.20,44.50,44.95,46.78,0.230,0.213,yes,yes,0.0042,0.9999,0.9971,no,"com.adobe.raw-image",yes,"thumbnail drawn","",,"nominal","","native parse 1 ms + 192 LJ92 tiles 16 ms | Metal upload 3 + metal 8 + resize 15 + readback 30 ms"
2,"frame-00207.dng","native_metal_linear_jxl-d2.0-e7-xyb_lut2.2_8mp_t512","native-lj92",3266,2449,8.00,19,58,0,0,97,314,9,497,2.012,17321597,545286,31.77,24860,0.0076,0.0988,0.00511,1.0076,1.0045,42.84,0.9560,0.2764,43.04,41.73,41.93,43.73,0.284,0.257,yes,yes,0.0038,1.0000,0.9980,no,"com.adobe.raw-image",yes,"thumbnail drawn","",,"nominal","","native parse 1 ms + 192 LJ92 tiles 16 ms | Metal upload 3 + metal 7 + resize 15 + readback 33 ms"
2,"frame-00207.dng","native_metal_linear_jxl-d1.0-e3-xyb_lut2.2_8mp_t512","native-lj92",3266,2449,8.00,19,61,0,0,96,99,6,281,3.565,17321597,731148,23.69,25084,0.0073,0.1060,0.00476,1.0073,1.0055,43.33,0.9590,0.2610,43.92,41.80,42.43,44.21,0.264,0.241,yes,yes,0.0050,0.9991,0.9983,no,"com.adobe.raw-image",yes,"thumbnail drawn","",,"nominal","","native parse 1 ms + 192 LJ92 tiles 16 ms | Metal upload 3 + metal 7 + resize 15 + readback 36 ms"
2,"frame-00207.dng","native_metal_linear_jxl-d1.0-e5-xyb_lut2.2_8mp_t512","native-lj92",3266,2449,8.00,20,68,0,0,128,234,7,456,2.191,17321597,815530,21.24,25350,0.0074,0.0859,0.00479,1.0074,1.0035,45.88,0.9695,0.2258,46.21,44.47,44.95,46.78,0.229,0.212,yes,yes,0.0043,0.9999,0.9971,no,"com.adobe.raw-image",yes,"thumbnail drawn","",,"nominal","","native parse 1 ms + 192 LJ92 tiles 17 ms | Metal upload 3 + metal 8 + resize 15 + readback 42 ms"
2,"frame-00207.dng","native_metal_linear_jxl-d0.5-e7-xyb_cubic0.10_8mp_t512","native-lj92",3266,2449,8.00,20,68,0,0,48,420,3,559,1.788,17321597,1126948,15.37,25231,0.0060,0.0753,0.00263,1.0042,1.0017,49.96,0.9791,0.2208,50.56,48.12,49.04,50.87,0.219,0.215,yes,yes,0.0046,0.9971,0.9954,yes,"com.adobe.raw-image",yes,"thumbnail drawn","",,"nominal","","native parse 1 ms + 192 LJ92 tiles 17 ms | Metal upload 3 + metal 12 + resize 16 + readback 37 ms"
2,"frame-00207.dng","native_metal_linear_jxl-d1.0-e7-rgb_linear_8mp_t512","native-lj92",3266,2449,8.00,22,74,0,0,46,302,3,448,2.231,17321597,751058,23.06,26064,0.0079,0.0986,0.00334,1.0075,1.0032,43.09,0.9329,0.4012,43.33,41.59,42.14,44.00,0.408,0.426,yes,yes,0.0037,0.9991,0.9963,yes,"com.adobe.raw-image",yes,"thumbnail drawn","",,"nominal","","native parse 1 ms + 192 LJ92 tiles 19 ms | Metal upload 3 + metal 8 + resize 17 + readback 44 ms"
2,"frame-00207.dng","native_bin2_linear_jxl-d1.0-e7-xyb_lut2.2_keep_t256","native-lj92",2016,1512,3.05,23,17,0,0,38,154,6,239,4.178,17321597,448509,38.62,26024,0.0079,0.0672,0.00258,1.0038,1.0025,37.01,0.9657,0.3353,37.33,35.31,36.03,37.92,0.338,0.321,yes,yes,0.0019,1.0002,1.0003,no,"com.adobe.raw-image",yes,"thumbnail drawn","",,"nominal","","native parse 2 ms + 192 LJ92 tiles 19 ms | Metal upload 3 + bin2 2 + resize 0 + readback 12 ms"
2,"frame-00207.dng","native_metal_linear_jxl-d1.0-e7-xyb_lut2.2_8mp_t256","native-lj92",3266,2449,8.00,20,100,0,0,158,602,11,891,1.122,17321597,845043,20.50,26573,0.0074,0.0853,0.00474,1.0074,1.0036,45.87,0.9695,0.2269,46.19,44.48,44.94,46.77,0.229,0.213,yes,yes,0.0043,0.9999,0.9971,no,"com.adobe.raw-image",yes,"thumbnail drawn","",,"nominal","","native parse 1 ms + 192 LJ92 tiles 17 ms | Metal upload 3 + metal 8 + resize 23 + readback 66 ms"
2,"frame-00207.dng","native_metal_linear_jpeg8-q0.90_cubic0.10_8mp_t512","native-lj92",3266,2449,8.00,47,66,0,0,55,9,2,180,5.558,17321597,1533627,11.29,26352,0.0181,0.1606,0.00926,0.9943,1.0134,43.38,0.9431,0.3601,43.97,42.14,42.55,44.21,0.357,0.347,yes,yes,0.0127,0.9873,1.0053,yes,"com.adobe.raw-image",yes,"thumbnail drawn","",,"nominal","","native parse 1 ms + 192 LJ92 tiles 44 ms | Metal upload 4 + metal 8 + resize 15 + readback 38 ms | ImageIO JPEG sampling 2x2,1x1,1x1"
2,"frame-00207.dng","native_metal_linear_hwjpeg-q0.90_cubic0.10_8mp_t512","native-lj92",3266,2449,8.00,22,52,0,0,40,15,4,133,7.495,17321597,1586897,10.92,26856,0.1479,0.2835,0.08373,1.1479,0.9570,32.44,0.9473,0.3446,32.30,33.62,32.24,32.64,0.343,0.353,yes,yes,1.0000,0.0000,0.0000,yes,"com.adobe.raw-image",yes,"thumbnail drawn","",,"nominal","","native parse 1 ms + 192 LJ92 tiles 20 ms | Metal upload 3 + metal 7 + resize 11 + readback 31 ms | VideoToolbox com.apple.videotoolbox.videoencoder.jpeg.ajpeg sampling 2x2,1x1,1x1"
2,"frame-00207.dng","native_metal_linear_jpeg8-q0.90_lut2.2_8mp_t512","native-lj92",3266,2449,8.00,22,49,0,0,101,7,2,181,5.514,17321597,1523712,11.37,27405,52.5719,248.4105,4.99885,38.8140,24.7626,-13.72,0.1544,6.2246,-13.73,-13.68,-13.70,-13.74,6.234,6.189,yes,yes,52.3152,38.5979,24.6439,no,"com.adobe.raw-image",yes,"thumbnail drawn","",,"nominal","","native parse 1 ms + 192 LJ92 tiles 19 ms | Metal upload 3 + metal 6 + resize 9 + readback 29 ms | ImageIO JPEG sampling 2x2,1x1,1x1"
2,"frame-00207.dng","apple_linear_lj92_keep_t512","apple-ciraw",4032,3024,12.19,127,0,0,0,47,118,39,332,3.014,17321597,34952613,0.50,27828,0.0795,0.4120,0.01823,0.9448,0.9658,35.80,0.9788,0.5593,,,,,,,,yes,0.0817,0.9435,0.9651,no,"com.adobe.raw-image",yes,"thumbnail drawn","",,"nominal","","CIRAWFilter native 4032x3024, neutral 5469 K / 3.4, scale 1.000 (setup 21 + render 102 ms)"
2,"frame-00207.dng","apple_linear_jxl-d1.0-e7-xyb_lut2.2_8mp_t512","apple-ciraw",3266,2450,8.00,108,0,0,0,111,489,20,728,1.374,17321597,808638,21.42,27954,0.0791,0.3647,0.01955,0.9509,0.9672,28.82,0.8139,0.7179,21.61,14.76,27.67,24.59,0.731,0.821,yes,yes,0.0854,0.9453,0.9620,no,"com.adobe.raw-image",yes,"thumbnail drawn","",,"nominal","","CIRAWFilter native 4032x3024, neutral 5469 K / 3.4, scale 0.810 (setup 24 + render 81 ms)"
1,"throughput×24","apple_linear_jxl-d1.0-e7-xyb_lut2.2_10mp_t512","",0,0,0.00,0,0,0,0,0,0,0,11052,2.172,0,0,,1424,,,,,,,,,,,,,,,,,,,,,,,,,,"nominal","","in-flight 3; thermal nominal"
1,"throughput×24","libraw_cfa_lj92_keep_t512_be0.35","",0,0,0.00,0,0,0,0,0,0,0,2037,11.783,0,0,,1257,,,,,,,,,,,,,,,,,,,,,,,,,,"nominal","","in-flight 3; thermal nominal"
1,"throughput×24","libraw_cfa_jxl-d1.0-e7-xyb_cubic0.10_keep_t512_be0.35","",0,0,0.00,0,0,0,0,0,0,0,8356,2.872,0,0,,139,,,,,,,,,,,,,,,,,,,,,,,,,,"nominal","","in-flight 3; thermal nominal"
1,"throughput×24","libraw_metal_linear_jxl-d1.0-e7-xyb_lut2.2_10mp_t512_be0.35","",0,0,0.00,0,0,0,0,0,0,0,11458,2.095,0,0,,1044,,,,,,,,,,,,,,,,,,,,,,,,,,"nominal","","in-flight 3; thermal nominal"
2,"throughput×24","native_cfa_lj92_keep_t512","",0,0,0.00,0,0,0,0,0,0,0,1061,22.629,0,0,,138,,,,,,,,,,,,,,,,,,,,,,,,,,"nominal","","in-flight 3; thermal nominal"
2,"throughput×24","native_cfa_jxl-d1.0-e7-xyb_cubic0.10_keep_t512","",0,0,0.00,0,0,0,0,0,0,0,7482,3.208,0,0,,195,,,,,,,,,,,,,,,,,,,,,,,,,,"nominal","","in-flight 3; thermal nominal"
2,"throughput×24","native_metal_linear_jxl-d1.0-e7-xyb_lut2.2_8mp_t512","",0,0,0.00,0,0,0,0,0,0,0,8621,2.784,0,0,,1257,,,,,,,,,,,,,,,,,,,,,,,,,,"nominal","","in-flight 3; thermal nominal"
2,"throughput×24","native_metal_linear_jxl-d1.0-e3-xyb_lut2.2_8mp_t512","",0,0,0.00,0,0,0,0,0,0,0,3994,6.009,0,0,,1257,,,,,,,,,,,,,,,,,,,,,,,,,,"nominal","","in-flight 3; thermal nominal"
2,"throughput×24","apple_linear_jxl-d1.0-e7-xyb_lut2.2_8mp_t512","",0,0,0.00,0,0,0,0,0,0,0,12742,1.883,0,0,,1269,,,,,,,,,,,,,,,,,,,,,,,,,,"nominal","","in-flight 3; thermal nominal"
